PLAYER INFO,PLAYER INFO,PLAYER INFO,PLAYER INFO,PLAYER INFO,STATS,STATS,STATS,STATS,STATS,STATS,STATS,STATS,STATS,STATS,STATS,STATS,STATS,STATS
Player,Position,Team,Auction,Opp.,PaCom,PaAtt,PaYds,PaTD,PaINT,RuAtt,RuYds,RuTD,Fum.,Tar,Rec,ReYds,ReTD,FPTS
Jahmyr Gibbs,RB,DET,67.0712643873,,0,0,0,0,0,255,1266.5,12.9,,80.3,63.5,511.3,3.1,337.3
Bijan Robinson,RB,ATL,66.4314336733,,0,0,0,0,0,269.1,1289.5,8.5,,93.2,71.5,650.7,3.2,335.7
Ja'Marr Chase,WR,CIN,63.4683312629,,0,0,0,0,0,3.6,18.1,0.1,,165.5,114.5,1441.5,10.8,325.9
Christian McCaffrey,RB,SF,58.6794050442,,0,0,0,0,0,250.3,1017.6,8.8,,89.7,71.8,625.6,4.6,316.5
Puka Nacua,WR,LAR,57.9533389848,,0,0,0,0,0,13.5,87,0.7,,153.7,108.7,1390.6,8.6,312.3
Jaxon Smith-Njigba,WR,SEA,56.5627244425,,0,0,0,0,0,5,24,0.1,,153.1,107.9,1452.1,8.8,308.9
Amon-Ra St. Brown,WR,DET,53.0223312066,,0,0,0,0,0,2,13.5,0.1,,154.2,109,1317.6,9.6,300.3
Jonathan Taylor,RB,IND,48.1966889435,,0,0,0,0,0,295.5,1376.2,11.7,,52.3,42.4,317.3,1.3,289.8
Justin Jefferson,WR,MIN,45.6334881291,,0,0,0,0,0,2.6,14.7,0.1,,155.2,103.7,1315.1,7.4,281.7
Brock Bowers,TE,LV,44.1558778871,,0,0,0,0,0,3.6,14.8,0.1,,129.1,93.7,984.4,7.3,238
Trey McBride,TE,ARZ,44.0708583922,,0,0,0,0,0,0,0,0,,140.4,101.5,997,6.1,237.8
CeeDee Lamb,WR,DAL,39.7895166543,,0,0,0,0,0,3.9,23.9,0.1,,143.2,93.7,1238.4,7.8,267.3
Josh Allen,QB,BUF,39.4352965689,,325.1,487.7,3743.5,25.5,11.5,104.5,540.5,11.2,,0,0,0,0,361.5
Ashton Jeanty,RB,LV,38.9290587131,,0,0,0,0,0,263.4,1090.8,7.3,,77.6,58,428,2.2,266.9
James Cook III,RB,BUF,38.6408864494,,0,0,0,0,0,274.5,1298.5,10.6,,42.5,33.3,280.1,1.9,266.2
Kenneth Walker III,RB,KC,38.0157663177,,0,0,0,0,0,265.5,1178.7,8.8,,58.8,47,355.7,1.9,264.6
Nico Collins,WR,HOU,36.4045792238,,0,0,0,0,0,2.2,10.8,0.1,,139.4,88.5,1244.7,7.4,259.1
Saquon Barkley,RB,PHI,36.2492258629,,0,0,0,0,0,277.6,1221,8.6,,55.5,40.4,334.3,2.1,260.1
Chase Brown,RB,CIN,35.8022998759,,0,0,0,0,0,231.8,992.7,6.9,,72.9,58.3,407,3.2,258.9
Omarion Hampton,RB,LAC,35.7277309568,,0,0,0,0,0,242,1046.9,8.8,,63.3,51.4,366.1,2.2,258.7
De'Von Achane,RB,MIA,35.2006930234,,0,0,0,0,0,223.2,1082.6,4.9,,72.6,58.4,436.9,2.9,257.2
Jeremiyah Love,RB,ARZ,33.9309034299,,0,0,0,0,0,231.5,1001.4,6.5,,77.6,58.7,437.8,2,253.6
A.J. Brown,WR,NE,31.1074459707,,0,0,0,0,0,1,4.1,0.1,,127.3,84.2,1185.8,7,245.8
Malik Nabers,WR,NYG,29.7725991894,,0,0,0,0,0,3.6,20.2,0.1,,133.6,84.7,1107.9,7.4,242.5
Breece Hall,RB,NYJ,28.3763770952,,0,0,0,0,0,233.5,1010.6,6.5,,57,46.3,373,2.4,238.1
Drake London,WR,ATL,28.3059545909,,0,0,0,0,0,0,0,0,,137.5,88.2,1110.6,6.6,238.9
Kyren Williams,RB,LAR,27.4884508914,,0,0,0,0,0,234.5,1081.6,10.5,,43,31.5,220.1,1.8,235.5
Derrick Henry,RB,BAL,27.454213403,,0,0,0,0,0,267,1261.7,11.7,,23,17.3,169.5,0.8,235.4
DeVonta Smith,WR,PHI,27.1434951885,,0,0,0,0,0,1,4.1,0,,123.9,87.1,1111.7,6.2,235.9
Colston Loveland,TE,CHI,26.2471237993,,0,0,0,0,0,0,0,0,,110.2,74.7,851.3,5.9,195.2
Javonte Williams,RB,DAL,25.5908080176,,0,0,0,0,0,248.8,1090.3,9.7,,45,32.7,206.4,1.5,229.6
Chris Olave,WR,NO,25.5815783776,,0,0,0,0,0,0,0,0,,135.6,86,1110.6,5.8,231.9
Tyler Warren,TE,IND,23.8277309691,,0,0,0,0,0,5.5,18,0.1,,103,78,799.1,4.9,189.7
George Pickens,WR,DAL,23.7273904638,,0,0,0,0,0,1,4.1,0,,116.9,74.8,1063.7,7.6,227.2
Rashee Rice,WR,KC,23.3908888936,,0,0,0,0,0,5.3,29,0.5,,114.4,80.2,963.9,7.3,226.3
Travis Etienne Jr.,RB,NO,23.0512960129,,0,0,0,0,0,239.9,1025.3,5.6,,55.2,41.4,334.5,1.8,221.8
Jaylen Waddle,WR,DEN,22.489859884,,0,0,0,0,0,2.7,16.1,0.1,,123.8,80.1,1031.4,6.4,223.9
Zay Flowers,WR,BAL,22.2637388012,,0,0,0,0,0,10.5,56.4,0.2,,108.9,76.3,1065.7,5.6,223.3
Lamar Jackson,QB,BAL,21.5619052276,,293.9,453,3626.9,25.4,9.8,118.2,621.6,3.8,,0,0,0,0,321.8
Cam Skattebo,RB,NYG,20.6348823485,,0,0,0,0,0,218.9,919.6,6.5,,52.6,42.2,305.4,1.8,214.5
Emeka Egbuka,WR,TB,19.5859790593,,0,0,0,0,0,1.1,6.4,0,,128.3,70.2,1029.2,7,215.8
Garrett Wilson,WR,NYJ,19.5499050539,,0,0,0,0,0,2.3,11.6,0,,127.9,85.5,1020.1,4.5,215.7
Drake Maye,QB,NE,19.3380610085,,337.7,495.4,3883.5,26,11,87.5,469.6,3.6,,0,0,0,0,316.9
Tee Higgins,WR,CIN,19.2970949734,,0,0,0,0,0,1,4.2,0,,111.4,71.3,947.2,8.1,215
Bucky Irving,RB,TB,19.0123662683,,0,0,0,0,0,233.6,956.4,5.8,,45.6,37,304.6,1.9,209.3
Joe Burrow,QB,CIN,18.3364710127,,384.8,565,4136.6,33.4,12.2,48.4,169,1.8,,0,0,0,0,314.6
Ladd McConkey,WR,LAC,18.0762263277,,0,0,0,0,0,1.5,7.7,0.1,,117.3,76.9,977.6,5.9,211.4
Luther Burden III,WR,CHI,17.5637426639,,0,0,0,0,0,8.3,47.2,0.2,,114.3,75.8,952,5.5,209.9
Harold Fannin Jr.,TE,CLE,17.0292365103,,0,0,0,0,0,5.5,16,0.1,,106.4,74.2,752.6,3.7,173.9
Tetairoa McMillan,WR,CAR,16.9456366204,,0,0,0,0,0,0.9,3.8,0,,121.7,72.2,1001.3,5.9,208.1
Tucker Kraft,TE,GB,16.9456366204,,0,0,0,0,0,1.1,4.5,0,,91,65.4,778.5,5,173.7
Jayden Daniels,QB,WAS,16.395685864,,321.5,482,3578.6,21.7,10.7,117.7,627.2,4.7,,0,0,0,0,310.2
Quinshon Judkins,RB,CLE,16.1828214256,,0,0,0,0,0,272.3,1060.6,6.5,,37.9,29.6,203.6,0.9,200.4
Bhayshul Tuten,RB,JAX,15.5265670671,,0,0,0,0,0,223.6,937.5,6.9,,43.7,33,240.1,1,198.2
TreVeyon Henderson,RB,NE,15.3768090905,,0,0,0,0,0,182,792.4,6.3,,47.8,39.5,291.3,2,197.7
Sam LaPorta,TE,DET,14.7980437216,,0,0,0,0,0,0,0,0,,89.1,68.1,713.6,4.8,168.3
Terry McLaurin,WR,WAS,14.6169157187,,0,0,0,0,0,1,3.9,0,,106.5,72.5,956.3,5.4,200.9
Jameson Williams,WR,DET,14.4858780097,,0,0,0,0,0,6.5,42.2,0.7,,96.8,60.7,960.1,5.9,200.5
Kyle Pitts Sr.,TE,ATL,14.4581342585,,0,0,0,0,0,0,0,0,,101.3,70.4,765.9,3.4,167.4
Jalen Hurts,QB,PHI,14.35717594,,296.6,450.4,3417.3,22.1,10,98.9,411.3,8.2,,0,0,0,0,305.4
Caleb Williams,QB,CHI,13.6675835464,,331.1,540.9,3876.7,25.8,11.4,74.4,406,2.7,,0,0,0,0,303.7
David Montgomery,RB,HOU,13.5172721455,,0,0,0,0,0,212.6,888.3,7.1,,37.1,31.2,223.2,1,191
Davante Adams,WR,LAR,13.3973398898,,0,0,0,0,0,0,0,0,,107.4,58.9,831.3,9.2,197.2
Jaylen Warren,RB,PIT,13.0954650116,,0,0,0,0,0,174,757,4.2,,56.7,45.8,325.8,1.7,189.5
Trevor Lawrence,QB,JAX,12.9389710947,,337.3,539.9,3837.7,25,12.5,69.4,319.4,4.8,,0,0,0,0,301.8
Jadarian Price,RB,SEA,12.8413284027,,0,0,0,0,0,212.9,896.4,7.2,,37.7,28.6,211.6,1,188.6
George Kittle,TE,SF,12.5837956835,,0,0,0,0,0,0.6,2.8,0,,76.8,61.3,703.1,5.1,162.5
Travis Kelce,TE,KC,12.4030139721,,0,0,0,0,0,0.5,1,0,,96,68,692.6,4.1,162
DJ Moore,WR,BUF,12.0998878214,,0,0,0,0,0,6,30.5,0.1,,102.3,64,881.3,6.2,193
Justin Herbert,QB,LAC,11.9985719646,,344.1,518.3,3858.2,26.4,11.6,73.2,365.1,2.4,,0,0,0,0,299.2
Christian Watson,WR,GB,11.7250994418,,0,0,0,0,0,2.7,16.4,0.1,,99.1,58,883.2,7.2,191.8
D'Andre Swift,RB,CHI,11.6755031246,,0,0,0,0,0,191.8,858.8,6.9,,38.1,27.9,235.6,0.9,184.1
Parker Washington,WR,JAX,11.4741522847,,0,0,0,0,0,4.4,21.3,0,,114.9,68.1,889.2,5.3,191
Rhamondre Stevenson,RB,NE,11.2564609406,,0,0,0,0,0,159.7,682.2,6.5,,43.7,35.4,284.4,1.9,182.5
Jonathon Brooks,RB,CAR,10.8533416417,,0,0,0,0,0,189.1,800.8,5,,46.5,36.2,267.6,1.3,180.8
Dak Prescott,QB,DAL,10.7369575396,,364,545.2,4051.7,28.9,11.8,48.9,175.8,2,,0,0,0,0,295.5
MarShawn Lloyd,RB,GB,10.0876708213,,0,0,0,0,0,173.3,748.1,5.3,,47.2,35.4,254.3,1.7,177.6
Brock Purdy,QB,SF,10.0448558775,,329.4,492.1,3936.2,26.4,11.8,55.6,230.8,3.2,,0,0,0,0,293.5
Patrick Mahomes,QB,KC,9.4962299534,,358.1,549.1,3938,26.2,12.4,51.4,274.8,2.4,,0,0,0,0,291.8
Rico Dowdle,RB,PIT,9.1601529826,,0,0,0,0,0,195.7,851.5,4.8,,42.1,30.5,222.9,1.1,173.3
Isaiah Likely,TE,NYG,9.132960245,,0,0,0,0,0,0,0,0,,82.6,61.5,670.1,4,152.5
Rome Odunze,WR,CHI,9.0975892272,,0,0,0,0,0,1.4,7,0,,111.6,55.8,855.7,6.8,182.9
Jordan Mason,RB,MIN,8.8766714544,,0,0,0,0,0,213,959.9,6.7,,25.8,19.7,131.4,0.5,172
Mike Evans,WR,SF,8.7069430401,,0,0,0,0,0,0,0,0,,102.4,58.2,868.4,6.1,181.6
RJ Harvey,RB,DEN,8.7014586176,,0,0,0,0,0,117.9,480.9,4,,60.4,47.8,351.4,2.7,171.2
Bo Nix,QB,DEN,8.5063764667,,349.5,540.5,3689.3,25.2,12.5,73.2,321.9,3.4,,0,0,0,0,288.5
DK Metcalf,WR,PIT,8.4347475319,,0,0,0,0,0,0,0,0,,105.4,60.6,864.8,5.6,180.7
Carnell Tate,WR,TEN,8.2136918937,,0,0,0,0,0,0,0,0,,106.8,65.6,873.4,4.5,179.9
Dallas Goedert,TE,PHI,8.1776745368,,0,0,0,0,0,0,0,0,,79.3,59.7,610.5,4.8,149.6
Marvin Harrison Jr.,WR,ARZ,7.8801710972,,0,0,0,0,0,1,3.9,0,,113.1,61.9,870.5,4.9,178.7
Blake Corum,RB,LAR,7.7712551698,,0,0,0,0,0,176.2,812.6,7.5,,25.4,19.6,139.3,1.1,166.4
Kyler Murray,QB,MIN,7.7012981921,,347.1,516,3568.7,21,12.2,79,482.9,3.8,,0,0,0,0,285.6
Jake Ferguson,TE,DAL,7.5947515707,,0,0,0,0,0,0,0,0,,84,63.9,538.2,5,147.7
Tony Pollard,RB,TEN,7.2197480401,,0,0,0,0,0,200,857.2,5,,35.4,27.2,176.7,0.5,163.6
Stefon Diggs,WR,WAS,7.1488815529,,0,0,0,0,0,2.1,8.5,0.1,,103.9,65.7,807,4.7,176.1
Dalton Kincaid,TE,BUF,6.9412361151,,0,0,0,0,0,0,0,0,,77.1,55.5,649,4.2,145.6
Jared Goff,QB,DET,6.706670807,,366.1,535.5,4160.7,29.3,11.9,25.7,45.9,0.9,,0,0,0,0,281.7
Quentin Johnston,WR,LAC,6.6607330726,,0,0,0,0,0,2.7,14.3,0.1,,95,55.9,790.6,6.2,174.2
Brian Thomas Jr.,WR,JAX,6.4533044843,,0,0,0,0,0,3.6,20.7,0.1,,102.5,57.3,828.5,5.1,173.4
Josh Downs,WR,IND,6.2446722885,,0,0,0,0,0,1.6,9.5,0,,101.1,73.2,768.8,3.6,172.6
Courtland Sutton,WR,DEN,6.2214139237,,0,0,0,0,0,0,0,0,,99.6,57.8,756.5,6.5,172.5
Kenny Gainwell,RB,TB,6.1515440555,,0,0,0,0,0,111.2,480.1,2.8,,61.6,48.1,336.8,1.8,157.4
Makai Lemon,WR,PHI,5.964512448,,0,0,0,0,0,0,0,0,,95.2,60.2,817.5,4.9,171.4
Michael Pittman Jr.,WR,PIT,5.8470742882,,0,0,0,0,0,0,0,0,,107.1,72.5,737.9,4.1,170.9
Wan'Dale Robinson,WR,TEN,5.826478372,,0,0,0,0,0,4.6,25.1,0.1,,108,73.5,774.2,2.8,170.8
Matthew Stafford,QB,LAR,5.7528118647,,331.6,516.9,3921.5,31.2,10.9,25.3,26.3,0.7,,0,0,0,0,277.6
Kyle Monangai,RB,CHI,5.6760140286,,0,0,0,0,0,171.3,729.5,5.4,,34,24.6,193.7,0.9,154.7
Juwan Johnson,TE,NO,5.2470676902,,0,0,0,0,0,0,0,0,,81.7,58.5,614.5,3.3,139.8
Jaxson Dart,QB,NYG,5.1809651601,,292.3,452.9,3199.1,18.8,10.4,87.4,470.4,5.9,,0,0,0,0,275.2
De'Zhaun Stribling,WR,SF,5.1177183312,,0,0,0,0,0,0,0,0,,91.9,57.7,809.2,4.8,167.4
Hunter Henry,TE,NE,5.0845299623,,0,0,0,0,0,0,0,0,,73.4,52.7,588.5,4.6,139.2
Mark Andrews,TE,BAL,4.9634944453,,0,0,0,0,0,6.8,20.1,0.7,,68.9,47.6,513.3,5.6,138.7
Tyler Shough,QB,NO,4.7778158207,,343.6,528.4,3750.6,20,12.5,68.3,293.8,4.4,,0,0,0,0,273.3
Chuba Hubbard,RB,CAR,4.7747604499,,0,0,0,0,0,160.7,657.6,3.9,,38.9,30.7,220.6,1.3,149.7
J.K. Dobbins,RB,DEN,4.436267214,,0,0,0,0,0,172.8,794.6,5.9,,21.9,16.7,111.8,0.8,147.5
Jordan Addison,WR,MIN,4.3897220435,,0,0,0,0,0,2.1,11.5,0.1,,95.8,57.5,741.3,5.1,164
Chris Godwin Jr.,WR,TB,4.3150450061,,0,0,0,0,0,1,4,0,,92.3,61.5,728.8,4.8,163.6
Alec Pierce,WR,IND,4.2963356368,,0,0,0,0,0,0.5,3.3,0,,93.9,55.5,807.1,4.5,163.5
Rachaad White,RB,WAS,4.0610529078,,0,0,0,0,0,122.4,513.7,3.8,,40.2,36.3,244,1.7,145.1
Jordan Love,QB,GB,3.9946824214,,328.1,507,3809,25,11.1,47,194.1,1.4,,0,0,0,0,269.1
Dalton Schultz,TE,HOU,3.9661689413,,0,0,0,0,0,0,0,0,,79.2,57.9,558,3.4,134.1
Jacory Croskey-Merritt,RB,WAS,3.9598269067,,0,0,0,0,0,180.1,779.2,6.2,,18.5,16.1,112.4,0.3,144.3
Michael Wilson,WR,ARZ,3.8994726096,,0,0,0,0,0,0,0,0,,101.8,62.6,778.2,3.5,161.4
KC Concepcion,WR,CLE,3.6914986492,,0,0,0,0,0,7.3,38.1,0.2,,97.4,60,746.6,3.4,160.1
Matthew Golden,WR,GB,3.5460648352,,0,0,0,0,0,3.3,18.8,0,,89,56.8,747.1,4.3,159.2
Malik Willis,QB,MIA,3.4483973656,,319,504.5,3473.5,15.1,12.6,105.7,567.6,3.7,,0,0,0,0,265.7
Chig Okonkwo,TE,WAS,3.4255224797,,0,0,0,0,0,0,0,0,,75.2,56.4,584.7,2.8,131.7
Aaron Jones Sr.,RB,MIN,3.3402635275,,0,0,0,0,0,129.9,562,3,,43.2,33.3,242.1,1.3,139.5
Brenton Strange,TE,JAX,3.3271045536,,0,0,0,0,0,0,0,0,,76.6,53.2,557.5,3.7,131.2
Jayden Reed,WR,GB,3.1682744038,,0,0,0,0,0,7.3,49.1,0.1,,81.7,57.8,678.1,4.3,156.9
Romeo Doubs,WR,NE,3.0345326122,,0,0,0,0,0,0,0,0,,79.8,54.4,696.7,5.3,155.9
Jalen Coker,WR,CAR,2.9671533899,,0,0,0,0,0,0,0,0,,90.1,62.5,706.7,3.7,155.4
Jakobi Meyers,WR,JAX,2.9367164491,,0,0,0,0,0,4.2,22.1,0,,91,59,662.5,4.6,155.1
Woody Marks,RB,HOU,2.8073665103,,0,0,0,0,0,146.8,590.2,3.4,,37.8,27.5,212.5,1,134.2
T.J. Hockenson,TE,MIN,2.7214836868,,0,0,0,0,0,0,0,0,,76.2,59.5,513.3,2.8,127.6
Xavier Worthy,WR,KC,2.5861488257,,0,0,0,0,0,11.4,73.6,1,,81,48.4,671.6,3.8,151.7
Daniel Jones,QB,IND,2.5861488257,,325.2,491.5,3563.2,19.3,11.2,61.9,249.7,4.3,,0,0,0,0,259.3
Kenyon Sadiq,TE,NYJ,2.4135001309,,0,0,0,0,0,0,0,0,,69,51.3,530.9,3.5,125.4
Jonah Coleman,RB,DEN,2.1608677975,,0,0,0,0,0,128.4,539.2,4.9,,34.8,23.2,167.8,0.8,128.1
Mike Washington Jr.,RB,LV,2.0945594351,,0,0,0,0,0,138.9,577.4,3.7,,34.9,25.4,179.3,0.7,127.5
Baker Mayfield,QB,TB,2.0013966658,,303,472.5,3415.1,23.3,11.1,52,279.7,1.2,,0,0,0,0,253.9
Jordyn Tyson,WR,NO,1.9334724612,,0,0,0,0,0,0,0,0,,85.4,52,696.8,4,145.7
Khalil Shakir,WR,BUF,1.8416672419,,0,0,0,0,0,2.2,12.1,0,,76.2,58,643,3.5,144.5
Sam Darnold,QB,SEA,1.8184736031,,322.5,491.5,3814.1,23.4,12,41.7,121.2,1,,0,0,0,0,252.3
Keaton Mitchell,RB,LAC,1.6489290915,,0,0,0,0,0,106,495.9,3.3,,35.5,25.8,199,1.1,121.7
Denzel Boston,WR,CLE,1.3947696819,,0,0,0,0,0,0,0,0,,84.4,52.7,659,3.4,139
Chris Rodriguez Jr.,RB,JAX,1.390415227,,0,0,0,0,0,158.5,683.7,4.8,,17.3,11.5,81.2,0.3,118.6
Terrance Ferguson,TE,LAR,1.2367004497,,0,0,0,0,0,0,0,0,,62.6,39.3,496.8,4.4,115.4
C.J. Stroud,QB,HOU,1.2032285598,,316.1,496,3636.6,20.5,11.7,50.3,214.6,1.3,,0,0,0,0,245
Tyjae Spears,RB,TEN,1.1983761479,,0,0,0,0,0,79.5,334.6,2.3,,42.5,34.8,245.1,1.3,114.4
Greg Dulcich,TE,MIA,1.1486598739,,0,0,0,0,0,0,0,0,,71.1,48.4,514.4,2.5,114.8
Rashid Shaheed,WR,SEA,1.1121945492,,0,0,0,0,0,11.8,67.8,0.7,,69.8,42.3,616.8,3.5,136
Keenan Allen,WR,IND,1.1121945492,,0,0,0,0,0,0,0,0,,84.7,53.6,620,3.4,136
AJ Barner,TE,SEA,1.0849180838,,0,0,0,0,0,6.1,12.2,0.2,,61.5,45.3,443.2,3.7,114.2
Brandon Aubrey,K,DAL,1.0659010363,,0,0,0,0,0,0,0,0,,0,0,0,0,180.8
Cameron Dicker,K,LAC,1.058723251,,0,0,0,0,0,0,0,0,,0,0,0,0,163.1
Ka'imi Fairbairn,K,HOU,1.0574341174,,0,0,0,0,0,0,0,0,,0,0,0,0,161.5
Seattle Seahawks,DST,SEA,1.0573116825,,0,0,0,0,0,0,0,0,,0,0,0,0,123.7
Cam Little,K,JAX,1.0572702514,,0,0,0,0,0,0,0,0,,0,0,0,0,161.3
Jason Myers,K,SEA,1.0569490097,,0,0,0,0,0,0,0,0,,0,0,0,0,160.9
Chase McLaughlin,K,TB,1.0568036567,,0,0,0,0,0,0,0,0,,0,0,0,0,160.7
Eddy Pineiro,K,SF,1.0555445581,,0,0,0,0,0,0,0,0,,0,0,0,0,158.9
Houston Texans,DST,HOU,1.0543574316,,0,0,0,0,0,0,0,0,,0,0,0,0,121.5
Chris Boswell,K,PIT,1.053003262,,0,0,0,0,0,0,0,0,,0,0,0,0,156.1
Los Angeles Rams,DST,LAR,1.0513430504,,0,0,0,0,0,0,0,0,,0,0,0,0,120.1
Harrison Mevis,K,LAR,1.0513430504,,0,0,0,0,0,0,0,0,,0,0,0,0,154.6
Denver Broncos,DST,DEN,1.0507854395,,0,0,0,0,0,0,0,0,,0,0,0,0,119.9
Philadelphia Eagles,DST,PHI,1.0491475604,,0,0,0,0,0,0,0,0,,0,0,0,0,119.4
Jake Bates,K,DET,1.0487948036,,0,0,0,0,0,0,0,0,,0,0,0,0,152.6
Los Angeles Chargers,DST,LAC,1.0484127968,,0,0,0,0,0,0,0,0,,0,0,0,0,119.2
Pittsburgh Steelers,DST,PIT,1.0480626104,,0,0,0,0,0,0,0,0,,0,0,0,0,119.1
Minnesota Vikings,DST,MIN,1.0469410898,,0,0,0,0,0,0,0,0,,0,0,0,0,118.8
Will Reichard,K,MIN,1.0429759282,,0,0,0,0,0,0,0,0,,0,0,0,0,150.3
Jacksonville Jaguars,DST,JAX,1.0426368023,,0,0,0,0,0,0,0,0,,0,0,0,0,118
Evan McPherson,K,CIN,1.0408850234,,0,0,0,0,0,0,0,0,,0,0,0,0,149.8
Baltimore Ravens,DST,BAL,1.0375381435,,0,0,0,0,0,0,0,0,,0,0,0,0,117.6
New England Patriots,DST,NE,1.0337345699,,0,0,0,0,0,0,0,0,,0,0,0,0,117.5
Green Bay Packers,DST,GB,1.0337345699,,0,0,0,0,0,0,0,0,,0,0,0,0,117.5
Deebo Samuel Sr.,WR,SF,1.024276801,,0,0,0,0,0,15.9,64.5,0.8,,72.8,46.1,573.7,3.3,134.5
Tyler Allgeier,RB,ARZ,0,,0,0,0,0,0,133,538.7,3.8,,24.5,19.2,132,0.3,110.9
Emmett Johnson,RB,KC,0,,0,0,0,0,0,101.2,417.5,3,,34.2,24.9,178.1,0.8,107.3
Tank Bigsby,RB,PHI,0,,0,0,0,0,0,117.2,526.9,4,,11.2,9,63.5,0.3,93.8
Zach Charbonnet,RB,SEA,0,,0,0,0,0,0,95.6,390.4,4.2,,20.1,15.4,111.3,0.4,93.2
Josh Jacobs,RB,GB,0,,0,0,0,0,0,94.3,391.4,4.2,,15.5,11.9,92.4,0.5,88.5
Brian Robinson,RB,ATL,0,,0,0,0,0,0,113.5,467.6,3.9,,10.2,8.3,56.1,0.1,84.7
Dylan Sampson,RB,CLE,0,,0,0,0,0,0,71.1,279.7,1.4,,35.7,29.8,206.6,1.1,93.4
Tre Tucker,WR,LV,0,,0,0,0,0,0,9,50,0.2,,80,47.4,626.4,3,134.2
Jalen McMillan,WR,TB,0,,0,0,0,0,0,4.1,24.3,0.1,,73.6,46.1,599.5,3.9,132.5
Dontayvion Wicks,WR,PHI,0,,0,0,0,0,0,0,0,0,,74.3,45.9,592,4,129.1
Nicholas Singleton,RB,TEN,0,,0,0,0,0,0,74.8,320.8,2.2,,27.6,21.5,156.2,0.7,86.6
Adonai Mitchell,WR,NYJ,0,,0,0,0,0,0,2.5,11.7,0,,77.5,43.6,605,3.4,125.7
Braelon Allen,RB,NYJ,0,,0,0,0,0,0,85.7,359.9,3,,16.9,13.7,96.3,0.4,79.7
Kayshon Boutte,WR,HOU,0,,0,0,0,0,0,0,0,0,,62.9,41.9,570,4.1,123.5
Ray Davis,RB,BUF,0,,0,0,0,0,0,79.9,338.6,2.1,,19.7,15.8,118.6,0.6,77.7
Tre' Harris,WR,LAC,0,,0,0,0,0,0,0,0,0,,68.6,43.4,553.7,3.6,120.4
Ja'Kobi Lane,WR,BAL,0,,0,0,0,0,0,0,0,0,,62.9,38.9,544.1,3.8,116.1
Alvin Kamara,RB,NO,0,,0,0,0,0,0,75,297.4,1.7,,26.4,21,143,0.6,78.8
Malachi Fields,WR,NYG,0,,0,0,0,0,0,0,0,0,,63.5,43.2,553.3,3.2,117.7
Jalen Nailor,WR,LV,0,,0,0,0,0,0,1,5.3,0,,72.4,42.4,554,3.1,116.9
Kaelon Black,RB,SF,0,,0,0,0,0,0,77,326.3,2.1,,19.3,15.4,119.8,0.5,75.6
Pat Bryant,WR,DEN,0,,0,0,0,0,0,0,0,0,,69.3,43.1,518.2,3.4,115.3
Cyrus Allen,WR,KC,0,,0,0,0,0,0,1.7,7.6,0,,77.3,42.2,535.4,3,114.5
Ryan Flournoy,WR,DAL,0,,0,0,0,0,0,1.1,6.8,0,,63.4,42.3,496.7,3.6,114.3
Kaleb Johnson,RB,GB,0,,0,0,0,0,0,72.4,291.1,2,,23.2,18.1,122.2,0.6,75
Omar Cooper Jr.,WR,NYJ,0,,0,0,0,0,0,0.9,5.1,0,,61.9,41.8,516.5,3.2,113.2
Caleb Douglas,WR,MIA,0,,0,0,0,0,0,0.9,3.1,0,,67.5,41.2,549.1,2.6,112
Jerry Jeudy,WR,CLE,0,,0,0,0,0,0,0.8,3.3,0,,72.2,39.6,528.3,2.6,108.4
Jauan Jennings,WR,MIN,0,,0,0,0,0,0,0,0,0,,66.7,42.6,493.2,2.8,108.7
Kaytron Allen,RB,WAS,0,,0,0,0,0,0,73.7,310.2,1.5,,18.2,14.6,104.6,0.4,67.5
Jaylin Noel,WR,HOU,0,,0,0,0,0,0,3.1,16.8,0,,62.2,41.4,463.5,2.5,104.4
Kimani Vidal,RB,LAC,0,,0,0,0,0,0,61.1,256,2,,17.1,12.9,94.8,0.7,64.2
Zachariah Branch,WR,ATL,0,,0,0,0,0,0,6,33.2,0.3,,58,36.9,452.5,2.3,101.1
Tyrone Tracy Jr.,RB,NYG,0,,0,0,0,0,0,67.9,290.5,1.2,,15.9,12.8,92.5,0.7,62.5
Travis Hunter,WR,JAX,0,,0,0,0,0,0,2.2,12.1,0,,60.3,37.2,449,2.8,100.1
Buffalo Bills,DST,BUF,0,,0,0,0,0,0,0,0,0,,0,0,0,0,117.3
Najee Harris,RB,NYG,0,,0,0,0,0,0,53.9,221,1.6,,19,14.9,104,0.6,60.6
Calvin Ridley,WR,TEN,0,,0,0,0,0,0,2.8,14.2,0,,61.3,31.9,472.8,2.5,95.6
Malik Washington,WR,MIA,0,,0,0,0,0,0,10.5,62.2,0.2,,58.4,39.6,421.6,1.7,99.4
Detroit Lions,DST,DET,0,,0,0,0,0,0,0,0,0,,0,0,0,0,117.1
Kansas City Chiefs,DST,KC,0,,0,0,0,0,0,0,0,0,,0,0,0,0,116.9
Demond Claiborne,RB,MIN,0,,0,0,0,0,0,50.6,206.3,1.5,,17.9,15,100.4,0.4,57.1
David Njoku,TE,LAC,0,,0,0,0,0,0,0,0,0,,62.9,43.2,444.7,3.9,111.1
Chris Bell,WR,MIA,0,,0,0,0,0,0,0,0,0,,59.4,36.3,473.6,1.9,95.1
Cairo Santos,K,CHI,0,,0,0,0,0,0,0,0,0,,0,0,0,0,147.9
Jacob Saylors,RB,DET,0,,0,0,0,0,0,0,0,3.2,,24.2,18.9,143.4,0.7,56.6
Cade Otton,TE,TB,0,,0,0,0,0,0,0,0,0,,69.2,48.2,478.9,2.8,112.9
Tyler Loop,K,BAL,0,,0,0,0,0,0,0,0,0,,0,0,0,0,146.9
Samaje Perine,RB,CIN,0,,0,0,0,0,0,46.4,201.2,1.4,,13.4,11,80.7,0.5,50.6
Chicago Bears,DST,CHI,0,,0,0,0,0,0,0,0,0,,0,0,0,0,115.7
Harrison Butker,K,KC,0,,0,0,0,0,0,0,0,0,,0,0,0,0,146.5
Cam Ward,QB,TEN,0,,345,544.8,3686.3,18.2,12.8,49.6,213.9,2.1,,0,0,0,0,241.4
Pat Freiermuth,TE,PIT,0,,0,0,0,0,0,0,0,0,,63.2,44.6,457.1,2.8,107.1
Ted Hurst III,WR,TB,0,,0,0,0,0,0,0,0,0,,51.5,32.6,423.1,2.5,89.9
Wil Lutz,K,DEN,0,,0,0,0,0,0,0,0,0,,0,0,0,0,146.1
Malik Davis,RB,DAL,0,,0,0,0,0,0,49.7,215.4,1.8,,12.7,9.3,67.5,0.2,49.6
Antonio Williams,WR,WAS,0,,0,0,0,0,0,1.6,8.8,0,,49.9,33,420.2,2.4,90.3
Chris Brooks,RB,GB,0,,0,0,0,0,0,23.4,104.4,1.1,,22.3,17,118.1,1.1,52.5
Isaac TeSlaa,WR,DET,0,,0,0,0,0,0,0,0,0,,46,29.1,376.4,3.4,87.1
Trey Smack,K,GB,0,,0,0,0,0,0,0,0,0,,0,0,0,0,145.8
Seth McGowan,RB,IND,0,,0,0,0,0,0,46.8,191.7,1.2,,15.3,12.2,86.5,0.3,49
Darren Waller,TE,CAR,0,,0,0,0,0,0,0,0,0,,57.7,41.6,434.3,3.3,104.8
Sean Tucker,RB,TB,0,,0,0,0,0,0,48.7,210.8,2.1,,7.5,5.8,39.4,0.2,44.6
Devaughn Vele,WR,NO,0,,0,0,0,0,0,0,0,0,,51.5,33.9,370.6,2.5,86
Rashod Bateman,WR,BAL,0,,0,0,0,0,0,0.4,2.8,0,,43.8,25.6,393,2.6,80.8
Justice Hill,RB,BAL,0,,0,0,0,0,0,20.4,92.7,0.5,,23.1,17.7,149.6,0.9,50.3
Bryce Young,QB,CAR,0,,303,482.5,3274.3,20,11.5,50.6,247,1.8,,0,0,0,0,235
Jaylen Wright,RB,MIA,0,,0,0,0,0,0,52.4,220.6,1.3,,10.2,8.2,58.7,0.2,45.1
Cleveland Browns,DST,CLE,0,,0,0,0,0,0,0,0,0,,0,0,0,0,115.1
Gunnar Helm,TE,TEN,0,,0,0,0,0,0,0,0,0,,61.7,46.5,419.6,2.7,104.7
Indianapolis Colts,DST,IND,0,,0,0,0,0,0,0,0,0,,0,0,0,0,115
Cooper Kupp,WR,SEA,0,,0,0,0,0,0,0.8,3.4,0,,46.3,30.8,381.4,2.3,83.1
Jordan James,RB,SF,0,,0,0,0,0,0,49.6,209.5,1.4,,10.9,7.9,58.5,0.2,44.3
Charlie Kolar,TE,LAC,0,,0,0,0,0,0,0,0,0,,55.9,35.6,398.2,3.6,97
New Orleans Saints,DST,NO,0,,0,0,0,0,0,0,0,0,,0,0,0,0,113.8
George Holani,RB,SEA,0,,0,0,0,0,0,43.8,180.2,1,,20.6,10.3,70.2,0.3,43.1
Darnell Mooney,WR,NYG,0,,0,0,0,0,0,1.9,11.3,0,,51,27.1,372.6,2.2,78.7
James Conner,RB,ARZ,0,,0,0,0,0,0,40.5,168.8,1,,12.5,9.8,73.5,0.4,42.4
Andy Borregales,K,NE,0,,0,0,0,0,0,0,0,0,,0,0,0,0,142.2
Atlanta Falcons,DST,ATL,0,,0,0,0,0,0,0,0,0,,0,0,0,0,113.3
Germie Bernard,WR,PIT,0,,0,0,0,0,0,1.9,10.2,0,,48.6,28.9,369.5,2,78.9
Adam Randall,RB,BAL,0,,0,0,0,0,0,36.9,155.3,1.3,,11.4,9.1,62.6,0.3,40.5
Kendre Miller,RB,NO,0,,0,0,0,0,0,44.2,190,1,,10,7.8,53.4,0.3,39.9
Tank Dell,WR,HOU,0,,0,0,0,0,0,3.7,19.9,0,,44.2,28,347,2.3,78.5
San Francisco 49ers,DST,SF,0,,0,0,0,0,0,0,0,0,,0,0,0,0,113.1
Emanuel Wilson,RB,SEA,0,,0,0,0,0,0,40.2,170.6,1.2,,9.5,7.4,51.7,0.2,38
Fernando Mendoza,QB,LV,0,,301.6,476.5,3268.3,16.3,11.7,55.2,243.1,2.2,,0,0,0,0,221.7
Jack Bech,WR,LV,0,,0,0,0,0,0,0,0,0,,48.7,30.7,362.3,1.9,78.3
Isiah Pacheco,RB,DET,0,,0,0,0,0,0,41.8,176.1,1.4,,5.9,4.6,31.5,0.2,35
Keon Coleman,WR,BUF,0,,0,0,0,0,0,1,3.8,0,,40.4,23.4,322.6,2.9,73.4
Xavier Legette,WR,CAR,0,,0,0,0,0,0,1.8,8.7,0,,50,28.7,330.5,2.2,75.8
Jahan Dotson,WR,ATL,0,,0,0,0,0,0,0,0,0,,48.5,28.2,359.3,1.8,74.9
Colby Parkinson,TE,LAR,0,,0,0,0,0,0,0,0,0,,47.4,33.4,350.7,3.1,87.1
Tampa Bay Buccaneers,DST,TB,0,,0,0,0,0,0,0,0,0,,0,0,0,0,113
Isaiah Davis,RB,NYJ,0,,0,0,0,0,0,24.8,109.2,0.9,,15.5,12.6,88.4,0.2,39
Bryce Lance,WR,NO,0,,0,0,0,0,0,0,0,0,,48.7,28.9,352,1.9,75.5
Ollie Gordon II,RB,MIA,0,,0,0,0,0,0,40.2,156.4,1.2,,7.1,5.7,40.2,0.2,33.8
Elijah Sarratt,WR,BAL,0,,0,0,0,0,0,0,0,0,,41.5,25.2,337.4,2.2,72.1
DJ Giddens,RB,IND,0,,0,0,0,0,0,32,131.7,0.9,,10.2,9.1,62.3,0.2,35.1
Kyle Williams,WR,NE,0,,0,0,0,0,0,2.3,9,0,,35.6,22.5,320.8,2.4,69.9
Tyquan Thornton,WR,KC,0,,0,0,0,0,0,0,0,0,,39.7,21.9,325.9,2.4,68.9
Evan Engram,TE,DEN,0,,0,0,0,0,0,0,0,0,,52.5,36.3,351.3,1.9,82.8
Tyler Bass,K,BUF,0,,0,0,0,0,0,0,0,0,,0,0,0,0,140.3
LeQuint Allen Jr.,RB,JAX,0,,0,0,0,0,0,15.6,62.6,0.3,,18.7,14.7,100.1,0.6,36.4
Troy Franklin,WR,DEN,0,,0,0,0,0,0,1.1,5.9,0,,41.2,25,304.8,2.4,70.5
Brashard Smith,RB,KC,0,,0,0,0,0,0,17.4,73,0.5,,14.5,10.5,77.5,0.5,31.6
Ty Johnson,RB,BUF,0,,0,0,0,0,0,17.6,74.1,0.6,,11.8,8.4,76,0.4,29.4
Mike Gesicki,TE,CIN,0,,0,0,0,0,0,0,0,0,,41.9,29.4,297,3.2,78.3
Malik Benson,WR,LV,0,,0,0,0,0,0,0,0,0,,41,26,327.2,1.9,70.1
Tory Horton,WR,SEA,0,,0,0,0,0,0,0,0,0,,37.9,23.8,323.5,2.1,68.8
Jake Elliott,K,PHI,0,,0,0,0,0,0,0,0,0,,0,0,0,0,139.4
Devin Singletary,RB,NYG,0,,0,0,0,0,0,32.9,129.4,0.9,,6.9,5.5,39.3,0.1,28.4
Jacoby Brissett,QB,ARZ,0,,308.2,483.9,3290.7,17.7,10.7,43.9,197.3,1,,0,0,0,0,217.5
Roschon Johnson,RB,CHI,0,,0,0,0,0,0,30.6,120.2,0.8,,7.8,6.1,40.7,0.2,28.2
Dallas Cowboys,DST,DAL,0,,0,0,0,0,0,0,0,0,,0,0,0,0,111.9
Michael Mayer,TE,LV,0,,0,0,0,0,0,0,0,0,,51.1,35,345.3,1.7,79.7
Tahj Brooks,RB,CIN,0,,0,0,0,0,0,31.7,131.7,1,,5.3,4.2,30.4,0.2,27.6
Jerome Ford,RB,WAS,0,,0,0,0,0,0,26.8,108,0.7,,8.6,6.7,45.4,0.2,27.4
Darius Slayton,WR,NYG,0,,0,0,0,0,0,1.8,8.4,0,,37.2,24,322.5,1.7,67.3
Trevor Etienne,RB,CAR,0,,0,0,0,0,0,23.1,92.3,0.4,,10,8,58.2,0.2,26.7
Skyler Bell,WR,BUF,0,,0,0,0,0,0,0,0,0,,39.7,23.8,311.1,1.9,66.3
Carolina Panthers,DST,CAR,0,,0,0,0,0,0,0,0,0,,0,0,0,0,110.1
DeMario Douglas,WR,NE,0,,0,0,0,0,0,5.4,28,0.1,,34,25.2,294.9,1.4,66.5
Elijah Arroyo,TE,SEA,0,,0,0,0,0,0,0,0,0,,42.9,29.4,314.5,2.4,75.3
Spencer Shrader,K,IND,0,,0,0,0,0,0,0,0,0,,0,0,0,0,138.7
Elic Ayomanor,WR,TEN,0,,0,0,0,0,0,0,0,0,,48.8,24.4,312,1.7,65.8
Joey Slye,K,TEN,0,,0,0,0,0,0,0,0,0,,0,0,0,0,137.2
Andrei Iosivas,WR,CIN,0,,0,0,0,0,0,0.8,4.6,0,,38.2,22.4,270.5,2.4,64.3
Cincinnati Bengals,DST,CIN,0,,0,0,0,0,0,0,0,0,,0,0,0,0,109.8
Isaac Guerendo,RB,SF,0,,0,0,0,0,0,20.7,89.1,0.6,,9.2,7.2,51.7,0.2,26.1
Oronde Gadsden,TE,LAC,0,,0,0,0,0,0,0,0,0,,40.1,28.2,309.3,2.4,73.5
Brenen Thompson,WR,LAC,0,,0,0,0,0,0,1.2,6.5,0,,36.9,23,283.6,1.9,63.4
Will Shipley,RB,PHI,0,,0,0,0,0,0,17,71.5,0.3,,13.2,9.7,70.8,0.2,26.9
Christian Kirk,WR,SF,0,,0,0,0,0,0,0.9,3.5,0,,37,22.6,295,1.6,62.1
Mason Taylor,TE,NYJ,0,,0,0,0,0,0,0,0,0,,45.9,33.5,301.8,1.8,74.5
Corey Kiner,RB,NE,0,,0,0,0,0,0,0,0,1.4,,10.9,8.5,64.4,0.3,25.1
Eli Stowers,TE,PHI,0,,0,0,0,0,0,2.6,10.5,0,,39.1,27.3,293.4,2.2,70.9
New York Giants,DST,NYG,0,,0,0,0,0,0,0,0,0,,0,0,0,0,108.7
Trey Benson,RB,ARZ,0,,0,0,0,0,0,23.6,100,0.6,,4.8,3.8,29.3,0.2,21.5
Joshua Palmer,WR,BUF,0,,0,0,0,0,0,0,0,0,,37.9,23.9,296.6,1.5,62.6
Jake Tonges,TE,SF,0,,0,0,0,0,0,0,0,0,,39.6,29.1,286.8,2.3,71.6
Daniel Carlson,K,NO,0,,0,0,0,0,0,0,0,0,,0,0,0,0,0
Raheim Sanders,RB,CLE,0,,0,0,0,0,0,24.6,94.3,0.7,,5.3,4.1,28,0.1,21.1
Sione Vaki,RB,DET,0,,0,0,0,0,0,16.4,67.9,0.4,,8.6,6.7,47.7,0.2,21.9
Xavier Hutchinson,WR,HOU,0,,0,0,0,0,0,1.1,6.6,0,,40.1,23.1,282.8,1.4,60.4
Tennessee Titans,DST,TEN,0,,0,0,0,0,0,0,0,0,,0,0,0,0,108.3
Erick All Jr.,TE,CIN,0,,0,0,0,0,0,0,0,0,,39.1,28.2,283.8,1.8,67.4
Nick Folk,K,ATL,0,,0,0,0,0,0,0,0,0,,0,0,0,0,134.6
Roman Wilson,WR,PIT,0,,0,0,0,0,0,0,0,0,,35.2,22.2,274.6,1.5,58.7
Devin Neal,RB,NO,0,,0,0,0,0,0,11.9,46.9,0.3,,10.2,7.9,57.2,0.3,21.9
Theo Johnson,TE,NYG,0,,0,0,0,0,0,0,0,0,,42,28,287.6,1.7,67
Chimere Dike,WR,TEN,0,,0,0,0,0,0,9.8,51,0.8,,27,17.2,194.5,1.6,56.2
Washington Commanders,DST,WAS,0,,0,0,0,0,0,0,0,0,,0,0,0,0,106.1
Aaron Rodgers,QB,PIT,0,,291.1,451,3073.6,18.3,9.7,21.3,54.9,0.8,,0,0,0,0,196.7
Demarcus Robinson,WR,SF,0,,0,0,0,0,0,0,0,0,,36.2,21.7,286.5,1.3,58.2
Audric Estime,RB,NO,0,,0,0,0,0,0,6.2,26.4,0.2,,13.5,10.5,68.6,0.4,23.6
Eli Raridon,TE,NE,0,,0,0,0,0,0,0,0,0,,32.9,26.3,266,1.8,63.7
Hollywood Brown,WR,PHI,0,,0,0,0,0,0,0,0,0,,31.7,20.1,249.4,1.8,55.8
Chad Ryland,K,ARZ,0,,0,0,0,0,0,0,0,0,,0,0,0,0,132.5
Rasheen Ali,RB,BAL,0,,0,0,0,0,0,20,89.4,0.5,,4,3.2,22.1,0.2,18.6
Colbie Young,WR,CIN,0,,0,0,0,0,0,0,0,0,,39.7,19.9,253.7,1.5,54.3
Darnell Washington,TE,PIT,0,,0,0,0,0,0,0,0,0,,37.1,25.6,250.4,1.9,62
Jalen Tolbert,WR,MIA,0,,0,0,0,0,0,0,0,0,,36.4,21.4,262.7,1.1,54.3
Ryan Fitzgerald,K,CAR,0,,0,0,0,0,0,0,0,0,,0,0,0,0,129.4
Kendrick Bourne,WR,ARZ,0,,0,0,0,0,0,0.8,3.4,0,,31.1,21,243.7,1.1,52.3
Matt Hibner,TE,BAL,0,,0,0,0,0,0,0,0,0,,32.7,23.6,237.5,1.5,56.4
Cole Kmet,TE,CHI,0,,0,0,0,0,0,0,0,0,,31.1,22.1,217.6,1.9,55.3
Brandon Aiyuk,WR,SF,0,,0,0,0,0,0,0,0,0,,28.9,18.3,237.2,1.4,50.4
Matt Gay,K,LV,0,,0,0,0,0,0,0,0,0,,0,0,0,0,127.8
Dawson Knox,TE,BUF,0,,0,0,0,0,0,0,0,0,,28,19.4,210.6,2.2,53.7
KaVontae Turpin,WR,DAL,0,,0,0,0,0,0,11.4,63.1,0.2,,22.5,14.4,180.5,1.4,48.4
Miami Dolphins,DST,MIA,0,,0,0,0,0,0,0,0,0,,0,0,0,0,105.3
Oscar Delp,TE,NO,0,,0,0,0,0,0,0,0,0,,27.3,21.9,227.2,1.5,53.6
Tyler Badie,RB,DEN,0,,0,0,0,0,0,3.7,16.6,0,,12.3,8.6,69.9,0.6,20.9
Geno Smith,QB,NYJ,0,,271.6,405.6,2876.2,15.6,10.5,42.4,164.4,0.9,,0,0,0,0,188.8
Ricky Pearsall,WR,SF,0,,0,0,0,0,0,1.1,6.9,0,,26.3,17.3,239.4,1.2,49.1
Tutu Atwell,WR,LAR,0,,0,0,0,0,0,2.3,12.1,0,,31.2,18.2,250.3,0.6,48
Zavion Thomas,WR,CHI,0,,0,0,0,0,0,4.8,22.7,0.1,,26,15.6,198.9,1.1,45
Noah Gray,TE,KC,0,,0,0,0,0,0,0,0,0,,32.9,22.5,220,1.2,51.7
Dylan Laube,RB,LV,0,,0,0,0,0,0,14,55.4,0.3,,8.2,6.4,45.9,0.2,19.5
Jayden Higgins,WR,HOU,0,,0,0,0,0,0,0,0,0,,29.2,18.3,221.7,1,46.5
Marvin Mims Jr.,WR,DEN,0,,0,0,0,0,0,5.4,29.4,0.1,,23,16.3,176.6,1.3,45.3
Tyler Higbee,TE,LAR,0,,0,0,0,0,0,0,0,0,,30.3,20.6,212.9,1.4,50.3
Odell Beckham Jr.,WR,NYG,0,,0,0,0,0,0,0,0,0,,25.4,16.1,208.7,1.2,44.2
Savion Williams,WR,GB,0,,0,0,0,0,0,7.1,36.4,0.2,,22,14.3,163.1,1.1,42.1
Terion Stewart,RB,KC,0,,0,0,0,0,0,0,0,0.9,,7,5.5,41.4,0.2,16.2
Kalif Raymond,WR,CHI,0,,0,0,0,0,0,3,16,0,,23.1,17.3,191,0.8,42.8
Las Vegas Raiders,DST,LV,0,,0,0,0,0,0,0,0,0,,0,0,0,0,105.3
Max Klare,TE,LAR,0,,0,0,0,0,0,0,0,0,,25.7,18.5,205.4,1.6,48.6
Michael Penix Jr.,QB,ATL,0,,194,303.4,2184.9,11.4,6.7,23.1,88.2,0.9,,0,0,0,0,140.5
Bam Knight,RB,ARZ,0,,0,0,0,0,0,0,0,0.9,,6.5,5.1,38.5,0.2,15.6
CJ Daniels,WR,LAR,0,,0,0,0,0,0,0,0,0,,28.7,14.3,198.9,1.1,40.8
Ben Sinnott,TE,WAS,0,,0,0,0,0,0,1,3.6,0,,24.7,19.7,192.1,1.6,48.9
Isaiah Bond,WR,CLE,0,,0,0,0,0,0,2.4,13.8,0,,24,14.4,193.5,0.9,40.5
Konata Mumpfield,WR,LAR,0,,0,0,0,0,0,0,0,0,,23.3,13.7,181.8,1.2,39.1
Eli Heidenreich,RB,PIT,0,,0,0,0,0,0,7.2,28.6,0.2,,7.2,5.6,43,0.2,15.2
Tez Johnson,WR,TB,0,,0,0,0,0,0,2.3,13,0,,21.2,13.5,161,1.3,38.7
Chris Brazzell II,WR,CAR,0,,0,0,0,0,0,0,0,0,,21.9,13.4,175.4,1.2,38.1
Ronnie Rivers,RB,LAR,0,,0,0,0,0,0,7.6,30.2,0.3,,3.2,2.5,25.2,0.3,11.6
New York Jets,DST,NYJ,0,,0,0,0,0,0,0,0,0,,0,0,0,0,103.1
Barion Brown,WR,NO,0,,0,0,0,0,0,0,0,0,,24.7,15.6,183.6,0.8,38.8
Shedeur Sanders,QB,CLE,0,,179.5,287.4,1958.8,9.4,7.6,27.7,135.5,1.1,,0,0,0,0,128.5
Mack Hollins,WR,NE,0,,0,0,0,0,0,0,0,0,,18.4,12.7,166.4,1.1,35.9
Deshaun Watson,QB,CLE,0,,149.6,242.8,1637.4,7.9,6,32.3,149.2,0.9,,0,0,0,0,111.4
Kevin Coleman Jr.,WR,MIA,0,,0,0,0,0,0,0,0,0,,27.3,16.4,205.5,0,37
Marlin Klein,TE,HOU,0,,0,0,0,0,0,0,0,0,,26.8,19.3,190.7,1.3,46.2
Jordan Whittington,WR,LAR,0,,0,0,0,0,0,0.8,5,0,,19.6,13.3,154.7,0.9,34.7
Tua Tagovailoa,QB,ATL,0,,159.2,235.8,1717.8,8.5,5.7,13.1,37,0.1,,0,0,0,0,101.3
Ashton Dulin,WR,IND,0,,0,0,0,0,0,1.7,11.2,0,,18.5,12.1,154.9,0.8,33.5
Jonnu Smith,TE,GB,0,,0,0,0,0,0,0,0,0,,26.7,19.2,193.4,1.2,45.7
Kirk Cousins,QB,LV,0,,101.4,155.3,1091,5.9,3.4,3,5.5,0.1,,0,0,0,0,65
Treylon Burks,WR,WAS,0,,0,0,0,0,0,0.6,2.4,0,,17.7,10.9,139.4,0.8,29.9
Luke Musgrave,TE,GB,0,,0,0,0,0,0,0,0,0,,26.7,19.1,188.6,1.3,45.8
Reggie Virgil,WR,ARZ,0,,0,0,0,0,0,0,0,0,,25,12.5,147.5,0.6,30.9
Jack Endries,TE,CIN,0,,0,0,0,0,0,0,0,0,,26.4,19,191.1,1.2,45.3
John Metchie III,WR,CAR,0,,0,0,0,0,0,0,0,0,,17,10.8,129.6,0.8,28.6
Luke McCaffrey,WR,WAS,0,,0,0,0,0,0,0,0,0,,16.1,10.2,133.7,0.7,27.8
Elijah Higgins,TE,ARZ,0,,0,0,0,0,0,0,0,0,,27.5,19.9,180.6,1.1,44.6
Olamide Zaccheaus,WR,ATL,0,,0,0,0,0,0,0,0,0,,18.6,11.8,129.5,0.6,28.4
Josh Oliver,TE,MIN,0,,0,0,0,0,0,0,0,0,,23.7,18.3,174.3,1.3,43.5
Tai Felton,WR,MIN,0,,0,0,0,0,0,0,0,0,,15.8,10.5,129,0.6,27
Arizona Cardinals,DST,ARZ,0,,0,0,0,0,0,0,0,0,,0,0,0,0,102.8
Jaylin Lane,WR,WAS,0,,0,0,0,0,0,0.5,2,0,,15.5,9.9,117.2,0.8,26.6
Noah Fant,TE,NO,0,,0,0,0,0,0,0,0,0,,22.8,17.7,165.5,1,40.3
Devontez Walker,WR,BAL,0,,0,0,0,0,0,0.6,2.5,0,,13.3,8.4,114.5,0.9,25.5
Daniel Bellinger,TE,TEN,0,,0,0,0,0,0,0,0,0,,24.2,18.5,169.7,0.9,40.9
Jalen Royals,WR,KC,0,,0,0,0,0,0,0,0,0,,15.1,9.6,118.3,0.8,26.2
Josh Cameron,WR,JAX,0,,0,0,0,0,0,0,0,0,,15.3,9.7,117.3,0.6,25
Isaiah Williams,WR,NYJ,0,,0,0,0,0,0,0.8,4.9,0,,12.8,10.2,109.8,0.6,25.3
Justin Fields,QB,KC,0,,59.7,95,641,3.7,2.4,25.3,133.3,1.2,,0,0,0,0,58.6
Deion Burks,WR,IND,0,,0,0,0,0,0,0,0,0,,13.5,8.5,103.2,0.6,22.4
Carson Beck,QB,ARZ,0,,53.9,86.4,594.5,3.7,2.2,7.8,29.9,0.2,,0,0,0,0,40.6
Sam Roush,TE,CHI,0,,0,0,0,0,0,0,0,0,,20.2,16.1,152.3,1,37.3
John Bates,TE,WAS,0,,0,0,0,0,0,0,0,0,,21.6,15.4,143.6,1,35.8
Mac Jones,QB,SF,0,,40.1,60.2,426.8,2.5,1.5,5.4,16.1,0.1,,0,0,0,0,27.8
Camden Brown,WR,DAL,0,,0,0,0,0,0,0,0,0,,12.3,7.8,101.2,0.6,21.5
Ja'Tavion Sanders,TE,CAR,0,,0,0,0,0,0,0,0,0,,20.9,15.5,139.9,0.9,34.9
Dont'e Thornton Jr.,WR,LV,0,,0,0,0,0,0,0,0,0,,13.3,7.4,105.6,0.6,21.6
Tommy Tremble,TE,CAR,0,,0,0,0,0,0,0,0,0,,19.2,13.9,134.6,1.1,34
Jameis Winston,QB,NYG,0,,31.3,50.1,370.4,2.2,1.3,5.1,19.7,0.2,,0,0,0,0,25.5
Calvin Austin III,WR,NYG,0,,0,0,0,0,0,2.9,15.3,0.1,,10.8,6.5,80.6,0.7,20.9
Joe Milton III,QB,DAL,0,,34.6,53.1,367.1,2.3,1.3,2.3,13.9,0,,0,0,0,0,24
Mitchell Evans,TE,CAR,0,,0,0,0,0,0,0,0,0,,19.4,13.9,136.1,0.9,32.9
Thomas Fidone II,TE,NYG,0,,0,0,0,0,0,0,0,0,,18.1,13.1,131.5,0.8,31.1
J.J. McCarthy,QB,MIN,0,,25.7,40.7,289.8,1.8,1,5.1,21.2,0.3,,0,0,0,0,21.7
Brock Wright,TE,DET,0,,0,0,0,0,0,0,0,0,,15.3,11.2,104.3,1.3,29.4
Joe Flacco,QB,CIN,0,,31,48,328.6,2.3,1.2,1.5,2.5,0.1,,0,0,0,0,22
Jelani Woods,TE,NYJ,0,,0,0,0,0,0,0,0,0,,17.8,12.9,123.4,0.8,30
Tanner Koziol,TE,JAX,0,,0,0,0,0,0,0,0,0,,18.4,12.2,121.5,0.8,29.2
Austin Hooper,TE,ATL,0,,0,0,0,0,0,0,0,0,,16.8,13.1,122.5,0.7,29.6
Nate Boerkircher,TE,JAX,0,,0,0,0,0,0,0,0,0,,15.8,11.5,108.9,1,28.4
Trey Lance,QB,LAC,0,,22.8,38.1,266.8,1.7,1,6.8,33.3,0.3,,0,0,0,0,21.6
Jackson Hawes,TE,BUF,0,,0,0,0,0,0,0,0,0,,14,10.2,102,1.1,27
Foster Moreau,TE,HOU,0,,0,0,0,0,0,0,0,0,,14.6,10.6,97.5,1,26.4
Cade Klubnik,QB,NYJ,0,,28.7,47.2,315.8,1.7,1.2,5,20.1,0.2,,0,0,0,0,21.4
Anthony Richardson Sr.,QB,IND,0,,17.9,31.5,219.6,1.3,0.9,9.4,46.8,0.5,,0,0,0,0,20.8
Ty Simpson,QB,LAR,0,,27.9,44.3,301.4,1.8,1.2,3.8,16.8,0.1,,0,0,0,0,20.3
Marcus Mariota,QB,WAS,0,,21.7,34.7,248.9,1.5,0.9,6.1,29.5,0.2,,0,0,0,0,19.2
Quinn Ewers,QB,JAX,0,,26.1,42.6,288.7,1.6,1.1,4.2,17,0.1,,0,0,0,0,19.2
Tyrod Taylor,QB,GB,0,,23,36.2,249.1,1.6,0.7,4.2,23.5,0.1,,0,0,0,0,18.6
Andre Szmyt,K,CLE,0,,0,0,0,0,0,0,0,0,,0,0,0,0,0
Taylen Green,QB,CLE,0,,29.6,44.3,303,1.5,1.5,7.4,14.8,0,,0,0,0,0,18.1
Gardner Minshew II,QB,ARZ,0,,21.1,33,233.3,1.6,0.9,1.4,5.7,0,,0,0,0,0,15.4