Player,Position,Team,PaYds,PaTD,PaINT,RuAtt,RuYds,RuTD,Rec,ReYds,ReTD,FPTS,base,b_pass,b_rush,fum,LgPts,PosRank,VORP
Josh Allen,QB,BUF,3743.5,25.5,11.5,104.5,540.5,11.2,0.0,0.0,0.0,361.5,349.99,5.96,0.0,-6.83,349.1,1,89.6
Jahmyr Gibbs,RB,DET,0.0,0.0,0.0,255.0,1266.5,12.9,63.5,511.3,3.1,337.3,337.28,0.0,13.67,-2.55,348.4,1,168.3
Bijan Robinson,RB,ATL,0.0,0.0,0.0,269.1,1289.5,8.5,71.5,650.7,3.2,335.7,335.72,0.0,14.42,-2.72,347.4,2,167.3
Ja'Marr Chase,WR,CIN,0.0,0.0,0.0,3.6,18.1,0.1,114.5,1441.5,10.8,325.9,325.86,0.0,0.0,-0.94,324.9,1,149.4
Christian McCaffrey,RB,SF,0.0,0.0,0.0,250.3,1017.6,8.8,71.8,625.6,4.6,316.5,316.52,0.0,5.68,-2.58,319.6,3,139.5
Puka Nacua,WR,LAR,0.0,0.0,0.0,13.5,87.0,0.7,108.7,1390.6,8.6,312.3,312.26,0.0,0.0,-0.98,311.3,2,135.8
Lamar Jackson,QB,BAL,3626.9,25.4,9.8,118.2,621.6,3.8,0.0,0.0,0.0,321.8,312.04,4.57,0.04,-6.34,310.3,2,50.8
Jaxon Smith-Njigba,WR,SEA,0.0,0.0,0.0,5.0,24.0,0.1,107.9,1452.1,8.8,308.9,308.91,0.0,0.0,-0.9,308.0,3,132.5
Drake Maye,QB,NE,3883.5,26.0,11.0,87.5,469.6,3.6,0.0,0.0,0.0,316.9,305.9,7.87,0.0,-6.94,306.8,3,47.3
Joe Burrow,QB,CIN,4136.6,33.4,12.2,48.4,169.0,1.8,0.0,0.0,0.0,314.6,302.36,11.97,0.0,-7.91,306.4,4,46.9
Jonathan Taylor,RB,IND,0.0,0.0,0.0,295.5,1376.2,11.7,42.4,317.3,1.3,289.8,289.75,0.0,17.25,-2.7,304.3,4,124.2
Amon-Ra St. Brown,WR,DET,0.0,0.0,0.0,2.0,13.5,0.1,109.0,1317.6,9.6,300.3,300.31,0.0,0.0,-0.89,299.4,4,123.9
Jayden Daniels,QB,WAS,3578.6,21.7,10.7,117.7,627.2,4.7,0.0,0.0,0.0,310.2,299.46,4.06,0.05,-6.75,296.8,5,37.3
Caleb Williams,QB,CHI,3876.7,25.8,11.4,74.4,406.0,2.7,0.0,0.0,0.0,303.7,292.27,7.77,0.0,-7.57,292.5,6,33.0
Jalen Hurts,QB,PHI,3417.3,22.1,10.0,98.9,411.3,8.2,0.0,0.0,0.0,305.4,295.42,2.59,0.0,-6.31,291.7,7,32.2
Trevor Lawrence,QB,JAX,3837.7,25.0,12.5,69.4,319.4,4.8,0.0,0.0,0.0,301.8,289.25,7.22,0.0,-7.56,288.9,8,29.4
Justin Herbert,QB,LAC,3858.2,26.4,11.6,73.2,365.1,2.4,0.0,0.0,0.0,299.2,287.64,7.51,0.0,-7.26,287.9,9,28.4
Dak Prescott,QB,DAL,4051.7,28.9,11.8,48.9,175.8,2.0,0.0,0.0,0.0,295.5,283.65,10.51,0.0,-7.63,286.5,10,27.0
Brock Purdy,QB,SF,3936.2,26.4,11.8,55.6,230.8,3.2,0.0,0.0,0.0,293.5,281.73,8.66,0.0,-6.89,283.5,11,24.0
Justin Jefferson,WR,MIN,0.0,0.0,0.0,2.6,14.7,0.1,103.7,1315.1,7.4,281.7,281.68,0.0,0.0,-0.85,280.8,5,105.3
Patrick Mahomes,QB,KC,3938.0,26.2,12.4,51.4,274.8,2.4,0.0,0.0,0.0,291.8,279.4,8.69,0.0,-7.69,280.4,12,20.9
James Cook III,RB,BUF,0.0,0.0,0.0,274.5,1298.5,10.6,33.3,280.1,1.9,266.2,266.16,0.0,14.72,-2.46,278.4,5,98.3
Jared Goff,QB,DET,4160.7,29.3,11.9,25.7,45.9,0.9,0.0,0.0,0.0,281.7,269.82,12.4,0.0,-7.5,274.7,13,15.2
Bo Nix,QB,DEN,3689.3,25.2,12.5,73.2,321.9,3.4,0.0,0.0,0.0,288.5,275.96,5.29,0.0,-7.57,273.7,14,14.2
Kenneth Walker III,RB,KC,0.0,0.0,0.0,265.5,1178.7,8.8,47.0,355.7,1.9,264.6,264.64,0.0,10.76,-2.5,272.9,6,92.8
Ashton Jeanty,RB,LV,0.0,0.0,0.0,263.4,1090.8,7.3,58.0,428.0,2.2,266.9,266.88,0.0,7.91,-2.57,272.2,7,92.1
Kyler Murray,QB,MIN,3568.7,21.0,12.2,79.0,482.9,3.8,0.0,0.0,0.0,285.6,273.44,3.96,0.0,-7.22,270.2,15,10.7
Saquon Barkley,RB,PHI,0.0,0.0,0.0,277.6,1221.0,8.6,40.4,334.3,2.1,260.1,260.13,0.0,12.16,-2.54,269.7,8,89.6
Matthew Stafford,QB,LAR,3921.5,31.2,10.9,25.3,26.3,0.7,0.0,0.0,0.0,277.6,266.69,8.44,0.0,-7.24,267.9,16,8.4
CeeDee Lamb,WR,DAL,0.0,0.0,0.0,3.9,23.9,0.1,93.7,1238.4,7.8,267.3,267.33,0.0,0.0,-0.78,266.5,6,91.0
Omarion Hampton,RB,LAC,0.0,0.0,0.0,242.0,1046.9,8.8,51.4,366.1,2.2,258.7,258.7,0.0,6.55,-2.35,262.9,9,82.8
De'Von Achane,RB,MIA,0.0,0.0,0.0,223.2,1082.6,4.9,58.4,436.9,2.9,257.2,257.15,0.0,7.65,-2.25,262.5,10,82.4
Chase Brown,RB,CIN,0.0,0.0,0.0,231.8,992.7,6.9,58.3,407.0,3.2,258.9,258.87,0.0,4.98,-2.32,261.5,11,81.4
Jaxson Dart,QB,NYG,3199.1,18.8,10.4,87.4,470.4,5.9,0.0,0.0,0.0,275.2,264.8,1.22,0.0,-6.34,259.7,17,0.2
Tyler Shough,QB,NO,3750.6,20.0,12.5,68.3,293.8,4.4,0.0,0.0,0.0,273.3,260.8,6.05,0.0,-7.4,259.5,18,0.0
Nico Collins,WR,HOU,0.0,0.0,0.0,2.2,10.8,0.1,88.5,1244.7,7.4,259.1,259.05,0.0,0.0,-0.73,258.3,7,82.8
Jordan Love,QB,GB,3809.0,25.0,11.1,47.0,194.1,1.4,0.0,0.0,0.0,269.1,257.97,6.82,0.0,-7.1,257.7,19,-1.8
Jeremiyah Love,RB,ARZ,0.0,0.0,0.0,231.5,1001.4,6.5,58.7,437.8,2.0,253.6,253.62,0.0,5.22,-2.32,256.5,12,76.4
Malik Willis,QB,MIA,3473.5,15.1,12.6,105.7,567.6,3.7,0.0,0.0,0.0,265.7,253.1,3.06,0.01,-7.06,249.1,20,-10.4
Derrick Henry,RB,BAL,0.0,0.0,0.0,267.0,1261.7,11.7,17.3,169.5,0.8,235.4,235.42,0.0,13.51,-2.27,246.7,13,66.6
Daniel Jones,QB,IND,3563.2,19.3,11.2,61.9,249.7,4.3,0.0,0.0,0.0,259.3,248.1,3.9,0.0,-6.88,245.1,21,-14.4
A.J. Brown,WR,NE,0.0,0.0,0.0,1.0,4.1,0.1,84.2,1185.8,7.0,245.8,245.79,0.0,0.0,-0.68,245.1,8,69.6
Malik Nabers,WR,NYG,0.0,0.0,0.0,3.6,20.2,0.1,84.7,1107.9,7.4,242.5,242.51,0.0,0.0,-0.71,241.8,9,66.3
Breece Hall,RB,NYJ,0.0,0.0,0.0,233.5,1010.6,6.5,46.3,373.0,2.4,238.1,238.06,0.0,5.48,-2.24,241.3,14,61.2
Kyren Williams,RB,LAR,0.0,0.0,0.0,234.5,1081.6,10.5,31.5,220.1,1.8,235.5,235.47,0.0,7.62,-2.13,241.0,15,60.9
Sam Darnold,QB,SEA,3814.1,23.4,12.0,41.7,121.2,1.0,0.0,0.0,0.0,252.3,240.28,6.89,0.0,-6.88,240.3,22,-19.2
Baker Mayfield,QB,TB,3415.1,23.3,11.1,52.0,279.7,1.2,0.0,0.0,0.0,253.9,242.77,2.58,0.0,-6.61,238.7,23,-20.8
Drake London,WR,ATL,0.0,0.0,0.0,0.0,0.0,0.0,88.2,1110.6,6.6,238.9,238.86,0.0,0.0,-0.71,238.2,10,62.7
Brock Bowers,TE,LV,0.0,0.0,0.0,3.6,14.8,0.1,93.7,984.4,7.3,238.0,238.02,0.0,0.0,-0.78,237.2,1,85.2
Trey McBride,TE,ARZ,0.0,0.0,0.0,0.0,0.0,0.0,101.5,997.0,6.1,237.8,237.8,0.0,0.0,-0.81,237.0,2,85.0
DeVonta Smith,WR,PHI,0.0,0.0,0.0,1.0,4.1,0.0,87.1,1111.7,6.2,235.9,235.88,0.0,0.0,-0.7,235.2,11,59.7
Javonte Williams,RB,DAL,0.0,0.0,0.0,248.8,1090.3,9.7,32.7,206.4,1.5,229.6,229.57,0.0,7.89,-2.25,235.2,16,55.1
Chris Olave,WR,NO,0.0,0.0,0.0,0.0,0.0,0.0,86.0,1110.6,5.8,231.9,231.86,0.0,0.0,-0.69,231.2,12,55.7
C.J. Stroud,QB,HOU,3636.6,20.5,11.7,50.3,214.6,1.3,0.0,0.0,0.0,245.0,233.32,4.68,0.0,-6.94,231.1,24,-28.4
George Pickens,WR,DAL,0.0,0.0,0.0,1.0,4.1,0.0,74.8,1063.7,7.6,227.2,227.18,0.0,0.0,-0.61,226.6,13,51.1
Cam Ward,QB,TEN,3686.3,18.2,12.8,49.6,213.9,2.1,0.0,0.0,0.0,241.4,228.64,5.25,0.0,-7.63,226.3,25,-33.2
Rashee Rice,WR,KC,0.0,0.0,0.0,5.3,29.0,0.5,80.2,963.9,7.3,226.3,226.29,0.0,0.0,-0.68,225.6,14,50.1
Travis Etienne Jr.,RB,NO,0.0,0.0,0.0,239.9,1025.3,5.6,41.4,334.5,1.8,221.8,221.78,0.0,5.9,-2.25,225.4,17,45.3
Jaylen Waddle,WR,DEN,0.0,0.0,0.0,2.7,16.1,0.1,80.1,1031.4,6.4,223.9,223.85,0.0,0.0,-0.66,223.2,15,47.7
Zay Flowers,WR,BAL,0.0,0.0,0.0,10.5,56.4,0.2,76.3,1065.7,5.6,223.3,223.31,0.0,0.0,-0.69,222.6,16,47.1
Bryce Young,QB,CAR,3274.3,20.0,11.5,50.6,247.0,1.8,0.0,0.0,0.0,235.0,223.47,1.62,0.0,-6.76,218.3,26,-41.2
Cam Skattebo,RB,NYG,0.0,0.0,0.0,218.9,919.6,6.5,42.2,305.4,1.8,214.5,214.5,0.0,3.13,-2.09,215.5,18,35.4
Emeka Egbuka,WR,TB,0.0,0.0,0.0,1.1,6.4,0.0,70.2,1029.2,7.0,215.8,215.76,0.0,0.0,-0.57,215.2,17,39.7
Garrett Wilson,WR,NYJ,0.0,0.0,0.0,2.3,11.6,0.0,85.5,1020.1,4.5,215.7,215.67,0.0,0.0,-0.7,215.0,18,39.5
Tee Higgins,WR,CIN,0.0,0.0,0.0,1.0,4.2,0.0,71.3,947.2,8.1,215.0,215.04,0.0,0.0,-0.58,214.5,19,39.0
Bucky Irving,RB,TB,0.0,0.0,0.0,233.6,956.4,5.8,37.0,304.6,1.9,209.3,209.3,0.0,4.02,-2.16,211.2,19,31.1
Ladd McConkey,WR,LAC,0.0,0.0,0.0,1.5,7.7,0.1,76.9,977.6,5.9,211.4,211.43,0.0,0.0,-0.63,210.8,20,35.3
Luther Burden III,WR,CHI,0.0,0.0,0.0,8.3,47.2,0.2,75.8,952.0,5.5,209.9,209.92,0.0,0.0,-0.67,209.2,21,33.7
Tetairoa McMillan,WR,CAR,0.0,0.0,0.0,0.9,3.8,0.0,72.2,1001.3,5.9,208.1,208.11,0.0,0.0,-0.58,207.5,22,32.0
Fernando Mendoza,QB,LV,3268.3,16.3,11.7,55.2,243.1,2.2,0.0,0.0,0.0,221.7,210.04,1.58,0.0,-6.67,205.0,27,-54.5
Quinshon Judkins,RB,CLE,0.0,0.0,0.0,272.3,1060.6,6.5,29.6,203.6,0.9,200.4,200.42,0.0,6.96,-2.42,205.0,20,24.9
Jacoby Brissett,QB,ARZ,3290.7,17.7,10.7,43.9,197.3,1.0,0.0,0.0,0.0,217.5,206.76,1.71,0.0,-6.77,201.7,28,-57.8
Terry McLaurin,WR,WAS,0.0,0.0,0.0,1.0,3.9,0.0,72.5,956.3,5.4,200.9,200.92,0.0,0.0,-0.59,200.3,23,24.8
Jameson Williams,WR,DET,0.0,0.0,0.0,6.5,42.2,0.7,60.7,960.1,5.9,200.5,200.53,0.0,0.0,-0.54,200.0,24,24.5
Bhayshul Tuten,RB,JAX,0.0,0.0,0.0,223.6,937.5,6.9,33.0,240.1,1.0,198.2,198.16,0.0,3.55,-2.05,199.7,21,19.6
Davante Adams,WR,LAR,0.0,0.0,0.0,0.0,0.0,0.0,58.9,831.3,9.2,197.2,197.23,0.0,0.0,-0.47,196.8,25,21.3
TreVeyon Henderson,RB,NE,0.0,0.0,0.0,182.0,792.4,6.3,39.5,291.3,2.0,197.7,197.67,0.0,0.95,-1.77,196.8,22,16.7
Colston Loveland,TE,CHI,0.0,0.0,0.0,0.0,0.0,0.0,74.7,851.3,5.9,195.2,195.23,0.0,0.0,-0.6,194.6,3,42.6
DJ Moore,WR,BUF,0.0,0.0,0.0,6.0,30.5,0.1,64.0,881.3,6.2,193.0,192.98,0.0,0.0,-0.56,192.4,26,16.9
David Montgomery,RB,HOU,0.0,0.0,0.0,212.6,888.3,7.1,31.2,223.2,1.0,191.0,190.95,0.0,2.46,-1.95,191.5,23,11.4
Christian Watson,WR,GB,0.0,0.0,0.0,2.7,16.4,0.1,58.0,883.2,7.2,191.8,191.76,0.0,0.0,-0.49,191.3,27,15.8
Parker Washington,WR,JAX,0.0,0.0,0.0,4.4,21.3,0.0,68.1,889.2,5.3,191.0,190.95,0.0,0.0,-0.58,190.4,28,14.9
Jadarian Price,RB,SEA,0.0,0.0,0.0,212.9,896.4,7.2,28.6,211.6,1.0,188.6,188.6,0.0,2.63,-1.93,189.3,24,9.2
Tyler Warren,TE,IND,0.0,0.0,0.0,5.5,18.0,0.1,78.0,799.1,4.9,189.7,189.71,0.0,0.0,-0.67,189.0,4,37.0
Jaylen Warren,RB,PIT,0.0,0.0,0.0,174.0,757.0,4.2,45.8,325.8,1.7,189.5,189.48,0.0,0.6,-1.76,188.3,25,8.2
D'Andre Swift,RB,CHI,0.0,0.0,0.0,191.8,858.8,6.9,27.9,235.6,0.9,184.1,184.14,0.0,1.91,-1.76,184.3,26,4.2
Rome Odunze,WR,CHI,0.0,0.0,0.0,1.4,7.0,0.0,55.8,855.7,6.8,182.9,182.87,0.0,0.0,-0.46,182.4,29,6.9
Aaron Rodgers,QB,PIT,3073.6,18.3,9.7,21.3,54.9,0.8,0.0,0.0,0.0,196.7,187.03,0.71,0.0,-6.31,181.4,29,-78.1
Mike Evans,WR,SF,0.0,0.0,0.0,0.0,0.0,0.0,58.2,868.4,6.1,181.6,181.64,0.0,0.0,-0.47,181.2,30,5.7
Rhamondre Stevenson,RB,NE,0.0,0.0,0.0,159.7,682.2,6.5,35.4,284.4,1.9,182.5,182.46,0.0,0.17,-1.56,181.1,27,1.0
DK Metcalf,WR,PIT,0.0,0.0,0.0,0.0,0.0,0.0,60.6,864.8,5.6,180.7,180.68,0.0,0.0,-0.48,180.2,31,4.7
Jonathon Brooks,RB,CAR,0.0,0.0,0.0,189.1,800.8,5.0,36.2,267.6,1.3,180.8,180.84,0.0,1.05,-1.8,180.1,28,0.0
Carnell Tate,WR,TEN,0.0,0.0,0.0,0.0,0.0,0.0,65.6,873.4,4.5,179.9,179.94,0.0,0.0,-0.52,179.4,32,3.9
Marvin Harrison Jr.,WR,ARZ,0.0,0.0,0.0,1.0,3.9,0.0,61.9,870.5,4.9,178.7,178.74,0.0,0.0,-0.5,178.2,33,2.7
MarShawn Lloyd,RB,GB,0.0,0.0,0.0,173.3,748.1,5.3,35.4,254.3,1.7,177.6,177.64,0.0,0.53,-1.67,176.5,29,-3.6
Stefon Diggs,WR,WAS,0.0,0.0,0.0,2.1,8.5,0.1,65.7,807.0,4.7,176.1,176.05,0.0,0.0,-0.54,175.5,34,0.0
Jordan Mason,RB,MIN,0.0,0.0,0.0,213.0,959.9,6.7,19.7,131.4,0.5,172.0,172.03,0.0,4.1,-1.86,174.3,30,-5.8
Quentin Johnston,WR,LAC,0.0,0.0,0.0,2.7,14.3,0.1,55.9,790.6,6.2,174.2,174.19,0.0,0.0,-0.47,173.7,35,-1.8
Rico Dowdle,RB,PIT,0.0,0.0,0.0,195.7,851.5,4.8,30.5,222.9,1.1,173.3,173.34,0.0,1.79,-1.81,173.3,31,-6.8
Harold Fannin Jr.,TE,CLE,0.0,0.0,0.0,5.5,16.0,0.1,74.2,752.6,3.7,173.9,173.86,0.0,0.0,-0.64,173.2,5,21.2
Tucker Kraft,TE,GB,0.0,0.0,0.0,1.1,4.5,0.0,65.4,778.5,5.0,173.7,173.7,0.0,0.0,-0.53,173.2,6,21.2
Brian Thomas Jr.,WR,JAX,0.0,0.0,0.0,3.6,20.7,0.1,57.3,828.5,5.1,173.4,173.42,0.0,0.0,-0.49,172.9,36,-2.6
Geno Smith,QB,NYJ,2876.2,15.6,10.5,42.4,164.4,0.9,0.0,0.0,0.0,188.8,178.29,0.25,0.0,-5.68,172.9,30,-86.6
Josh Downs,WR,IND,0.0,0.0,0.0,1.6,9.5,0.0,73.2,768.8,3.6,172.6,172.63,0.0,0.0,-0.6,172.0,37,-3.5
Courtland Sutton,WR,DEN,0.0,0.0,0.0,0.0,0.0,0.0,57.8,756.5,6.5,172.5,172.45,0.0,0.0,-0.46,172.0,38,-3.5
Makai Lemon,WR,PHI,0.0,0.0,0.0,0.0,0.0,0.0,60.2,817.5,4.9,171.4,171.35,0.0,0.0,-0.48,170.9,39,-4.6
Michael Pittman Jr.,WR,PIT,0.0,0.0,0.0,0.0,0.0,0.0,72.5,737.9,4.1,170.9,170.89,0.0,0.0,-0.58,170.3,40,-5.2
Wan'Dale Robinson,WR,TEN,0.0,0.0,0.0,4.6,25.1,0.1,73.5,774.2,2.8,170.8,170.83,0.0,0.0,-0.62,170.2,41,-5.3
RJ Harvey,RB,DEN,0.0,0.0,0.0,117.9,480.9,4.0,47.8,351.4,2.7,171.2,171.23,0.0,0.0,-1.33,169.9,32,-10.2
Sam LaPorta,TE,DET,0.0,0.0,0.0,0.0,0.0,0.0,68.1,713.6,4.8,168.3,168.26,0.0,0.0,-0.54,167.7,7,15.7
De'Zhaun Stribling,WR,SF,0.0,0.0,0.0,0.0,0.0,0.0,57.7,809.2,4.8,167.4,167.42,0.0,0.0,-0.46,167.0,42,-8.5
Kyle Pitts Sr.,TE,ATL,0.0,0.0,0.0,0.0,0.0,0.0,70.4,765.9,3.4,167.4,167.39,0.0,0.0,-0.56,166.8,8,14.8
Blake Corum,RB,LAR,0.0,0.0,0.0,176.2,812.6,7.5,19.6,139.3,1.1,166.4,166.39,0.0,1.2,-1.57,166.0,33,-14.1
Tony Pollard,RB,TEN,0.0,0.0,0.0,200.0,857.2,5.0,27.2,176.7,0.5,163.6,163.59,0.0,1.88,-1.82,163.7,34,-16.4
Jordan Addison,WR,MIN,0.0,0.0,0.0,2.1,11.5,0.1,57.5,741.3,5.1,164.0,163.98,0.0,0.0,-0.48,163.5,43,-12.0
Alec Pierce,WR,IND,0.0,0.0,0.0,0.5,3.3,0.0,55.5,807.1,4.5,163.5,163.54,0.0,0.0,-0.45,163.1,44,-12.4
Chris Godwin Jr.,WR,TB,0.0,0.0,0.0,1.0,4.0,0.0,61.5,728.8,4.8,163.6,163.58,0.0,0.0,-0.5,163.1,45,-12.4
George Kittle,TE,SF,0.0,0.0,0.0,0.6,2.8,0.0,61.3,703.1,5.1,162.5,162.49,0.0,0.0,-0.5,162.0,9,10.0
Travis Kelce,TE,KC,0.0,0.0,0.0,0.5,1.0,0.0,68.0,692.6,4.1,162.0,161.96,0.0,0.0,-0.55,161.4,10,9.4
Michael Wilson,WR,ARZ,0.0,0.0,0.0,0.0,0.0,0.0,62.6,778.2,3.5,161.4,161.42,0.0,0.0,-0.5,160.9,46,-14.6
KC Concepcion,WR,CLE,0.0,0.0,0.0,7.3,38.1,0.2,60.0,746.6,3.4,160.1,160.07,0.0,0.0,-0.54,159.5,47,-16.0
Matthew Golden,WR,GB,0.0,0.0,0.0,3.3,18.8,0.0,56.8,747.1,4.3,159.2,159.19,0.0,0.0,-0.48,158.7,48,-16.8
Jayden Reed,WR,GB,0.0,0.0,0.0,7.3,49.1,0.1,57.8,678.1,4.3,156.9,156.92,0.0,0.0,-0.52,156.4,49,-19.1
Kenny Gainwell,RB,TB,0.0,0.0,0.0,111.2,480.1,2.8,48.1,336.8,1.8,157.4,157.39,0.0,0.0,-1.27,156.1,35,-24.0
Romeo Doubs,WR,NE,0.0,0.0,0.0,0.0,0.0,0.0,54.4,696.7,5.3,155.9,155.87,0.0,0.0,-0.44,155.4,50,-20.1
Jalen Coker,WR,CAR,0.0,0.0,0.0,0.0,0.0,0.0,62.5,706.7,3.7,155.4,155.37,0.0,0.0,-0.5,154.9,51,-20.6
Jakobi Meyers,WR,JAX,0.0,0.0,0.0,4.2,22.1,0.0,59.0,662.5,4.6,155.1,155.06,0.0,0.0,-0.51,154.6,52,-20.9
Kyle Monangai,RB,CHI,0.0,0.0,0.0,171.3,729.5,5.4,24.6,193.7,0.9,154.7,154.72,0.0,0.4,-1.57,153.5,36,-26.6
Isaiah Likely,TE,NYG,0.0,0.0,0.0,0.0,0.0,0.0,61.5,670.1,4.0,152.5,152.51,0.0,0.0,-0.49,152.0,11,0.0
Xavier Worthy,WR,KC,0.0,0.0,0.0,11.4,73.6,1.0,48.4,671.6,3.8,151.7,151.72,0.0,0.0,-0.48,151.2,53,-24.3
Dallas Goedert,TE,PHI,0.0,0.0,0.0,0.0,0.0,0.0,59.7,610.5,4.8,149.6,149.55,0.0,0.0,-0.48,149.1,12,-2.9
Chuba Hubbard,RB,CAR,0.0,0.0,0.0,160.7,657.6,3.9,30.7,220.6,1.3,149.7,149.72,0.0,0.1,-1.53,148.3,37,-31.8
Jake Ferguson,TE,DAL,0.0,0.0,0.0,0.0,0.0,0.0,63.9,538.2,5.0,147.7,147.72,0.0,0.0,-0.51,147.2,13,-4.8
J.K. Dobbins,RB,DEN,0.0,0.0,0.0,172.8,794.6,5.9,16.7,111.8,0.8,147.5,147.54,0.0,0.98,-1.52,147.0,38,-33.1
Jordyn Tyson,WR,NO,0.0,0.0,0.0,0.0,0.0,0.0,52.0,696.8,4.0,145.7,145.68,0.0,0.0,-0.42,145.3,54,-30.2
Dalton Kincaid,TE,BUF,0.0,0.0,0.0,0.0,0.0,0.0,55.5,649.0,4.2,145.6,145.6,0.0,0.0,-0.44,145.2,14,-6.8
Khalil Shakir,WR,BUF,0.0,0.0,0.0,2.2,12.1,0.0,58.0,643.0,3.5,144.5,144.51,0.0,0.0,-0.48,144.0,55,-31.5
Rachaad White,RB,WAS,0.0,0.0,0.0,122.4,513.7,3.8,36.3,244.0,1.7,145.1,145.07,0.0,0.0,-1.27,143.8,39,-36.3
Jacory Croskey-Merritt,RB,WAS,0.0,0.0,0.0,180.1,779.2,6.2,16.1,112.4,0.3,144.3,144.26,0.0,0.81,-1.57,143.5,40,-36.6
Juwan Johnson,TE,NO,0.0,0.0,0.0,0.0,0.0,0.0,58.5,614.5,3.3,139.8,139.75,0.0,0.0,-0.47,139.3,15,-12.7
Hunter Henry,TE,NE,0.0,0.0,0.0,0.0,0.0,0.0,52.7,588.5,4.6,139.2,139.15,0.0,0.0,-0.42,138.7,16,-13.3
Denzel Boston,WR,CLE,0.0,0.0,0.0,0.0,0.0,0.0,52.7,659.0,3.4,139.0,139.0,0.0,0.0,-0.42,138.6,56,-36.9
Mark Andrews,TE,BAL,0.0,0.0,0.0,6.8,20.1,0.7,47.6,513.3,5.6,138.7,138.74,0.0,0.0,-0.44,138.3,17,-13.7
Aaron Jones Sr.,RB,MIN,0.0,0.0,0.0,129.9,562.0,3.0,33.3,242.1,1.3,139.5,139.51,0.0,0.01,-1.31,138.2,41,-41.9
Keenan Allen,WR,IND,0.0,0.0,0.0,0.0,0.0,0.0,53.6,620.0,3.4,136.0,136.0,0.0,0.0,-0.43,135.6,57,-39.9
Rashid Shaheed,WR,SEA,0.0,0.0,0.0,11.8,67.8,0.7,42.3,616.8,3.5,136.0,135.96,0.0,0.0,-0.43,135.5,58,-40.0
Deebo Samuel Sr.,WR,SF,0.0,0.0,0.0,15.9,64.5,0.8,46.1,573.7,3.3,134.5,134.52,0.0,0.0,-0.5,134.0,59,-41.5
Tre Tucker,WR,LV,0.0,0.0,0.0,9.0,50.0,0.2,47.4,626.4,3.0,134.2,134.24,0.0,0.0,-0.45,133.8,60,-41.7
Dalton Schultz,TE,HOU,0.0,0.0,0.0,0.0,0.0,0.0,57.9,558.0,3.4,134.1,134.1,0.0,0.0,-0.46,133.6,18,-18.4
Woody Marks,RB,HOU,0.0,0.0,0.0,146.8,590.2,3.4,27.5,212.5,1.0,134.2,134.17,0.0,0.02,-1.39,132.8,42,-47.3
Jalen McMillan,WR,TB,0.0,0.0,0.0,4.1,24.3,0.1,46.1,599.5,3.9,132.5,132.48,0.0,0.0,-0.4,132.1,61,-43.4
Chig Okonkwo,TE,WAS,0.0,0.0,0.0,0.0,0.0,0.0,56.4,584.7,2.8,131.7,131.67,0.0,0.0,-0.45,131.2,19,-20.8
Brenton Strange,TE,JAX,0.0,0.0,0.0,0.0,0.0,0.0,53.2,557.5,3.7,131.2,131.15,0.0,0.0,-0.43,130.7,20,-21.3
Michael Penix Jr.,QB,ATL,2184.9,11.4,6.7,23.1,88.2,0.9,0.0,0.0,0.0,140.5,133.82,0.0,0.0,-4.25,129.6,31,-129.9
Dontayvion Wicks,WR,PHI,0.0,0.0,0.0,0.0,0.0,0.0,45.9,592.0,4.0,129.1,129.1,0.0,0.0,-0.37,128.7,62,-46.8
T.J. Hockenson,TE,MIN,0.0,0.0,0.0,0.0,0.0,0.0,59.5,513.3,2.8,127.6,127.63,0.0,0.0,-0.48,127.2,21,-24.8
Jonah Coleman,RB,DEN,0.0,0.0,0.0,128.4,539.2,4.9,23.2,167.8,0.8,128.1,128.1,0.0,0.0,-1.21,126.9,43,-53.2
Mike Washington Jr.,RB,LV,0.0,0.0,0.0,138.9,577.4,3.7,25.4,179.3,0.7,127.5,127.47,0.0,0.01,-1.31,126.2,44,-53.9
Adonai Mitchell,WR,NYJ,0.0,0.0,0.0,2.5,11.7,0.0,43.6,605.0,3.4,125.7,125.67,0.0,0.0,-0.37,125.3,63,-50.2
Kenyon Sadiq,TE,NYJ,0.0,0.0,0.0,0.0,0.0,0.0,51.3,530.9,3.5,125.4,125.39,0.0,0.0,-0.41,125.0,22,-27.0
Kayshon Boutte,WR,HOU,0.0,0.0,0.0,0.0,0.0,0.0,41.9,570.0,4.1,123.5,123.5,0.0,0.0,-0.34,123.2,64,-52.3
Keaton Mitchell,RB,LAC,0.0,0.0,0.0,106.0,495.9,3.3,25.8,199.0,1.1,121.7,121.69,0.0,0.0,-1.05,120.6,45,-59.5
Tre' Harris,WR,LAC,0.0,0.0,0.0,0.0,0.0,0.0,43.4,553.7,3.6,120.4,120.37,0.0,0.0,-0.35,120.0,65,-55.5
Malachi Fields,WR,NYG,0.0,0.0,0.0,0.0,0.0,0.0,43.2,553.3,3.2,117.7,117.73,0.0,0.0,-0.35,117.4,66,-58.1
Chris Rodriguez Jr.,RB,JAX,0.0,0.0,0.0,158.5,683.7,4.8,11.5,81.2,0.3,118.6,118.59,0.0,0.18,-1.36,117.4,46,-62.7
Shedeur Sanders,QB,CLE,1958.8,9.4,7.6,27.7,135.5,1.1,0.0,0.0,0.0,128.5,120.9,0.0,0.0,-4.02,116.9,32,-142.6
Jalen Nailor,WR,LV,0.0,0.0,0.0,1.0,5.3,0.0,42.4,554.0,3.1,116.9,116.93,0.0,0.0,-0.35,116.6,67,-58.9
Ja'Kobi Lane,WR,BAL,0.0,0.0,0.0,0.0,0.0,0.0,38.9,544.1,3.8,116.1,116.11,0.0,0.0,-0.31,115.8,68,-59.7
Terrance Ferguson,TE,LAR,0.0,0.0,0.0,0.0,0.0,0.0,39.3,496.8,4.4,115.4,115.38,0.0,0.0,-0.31,115.1,23,-36.9
Pat Bryant,WR,DEN,0.0,0.0,0.0,0.0,0.0,0.0,43.1,518.2,3.4,115.3,115.32,0.0,0.0,-0.34,115.0,69,-60.5
Greg Dulcich,TE,MIA,0.0,0.0,0.0,0.0,0.0,0.0,48.4,514.4,2.5,114.8,114.84,0.0,0.0,-0.39,114.5,24,-37.5
Cyrus Allen,WR,KC,0.0,0.0,0.0,1.7,7.6,0.0,42.2,535.4,3.0,114.5,114.5,0.0,0.0,-0.35,114.1,70,-61.4
Ryan Flournoy,WR,DAL,0.0,0.0,0.0,1.1,6.8,0.0,42.3,496.7,3.6,114.3,114.25,0.0,0.0,-0.35,113.9,71,-61.6
AJ Barner,TE,SEA,0.0,0.0,0.0,6.1,12.2,0.2,45.3,443.2,3.7,114.2,114.24,0.0,0.0,-0.41,113.8,25,-38.2
Tyjae Spears,RB,TEN,0.0,0.0,0.0,79.5,334.6,2.3,34.8,245.1,1.3,114.4,114.37,0.0,0.0,-0.91,113.5,47,-66.6
Omar Cooper Jr.,WR,NYJ,0.0,0.0,0.0,0.9,5.1,0.0,41.8,516.5,3.2,113.2,113.16,0.0,0.0,-0.34,112.8,72,-62.7
Cade Otton,TE,TB,0.0,0.0,0.0,0.0,0.0,0.0,48.2,478.9,2.8,112.9,112.89,0.0,0.0,-0.39,112.5,26,-39.5
Caleb Douglas,WR,MIA,0.0,0.0,0.0,0.9,3.1,0.0,41.2,549.1,2.6,112.0,112.02,0.0,0.0,-0.34,111.7,73,-63.8
David Njoku,TE,LAC,0.0,0.0,0.0,0.0,0.0,0.0,43.2,444.7,3.9,111.1,111.07,0.0,0.0,-0.35,110.7,27,-41.3
Tyler Allgeier,RB,ARZ,0.0,0.0,0.0,133.0,538.7,3.8,19.2,132.0,0.3,110.9,110.87,0.0,0.0,-1.22,109.7,48,-70.4
Jauan Jennings,WR,MIN,0.0,0.0,0.0,0.0,0.0,0.0,42.6,493.2,2.8,108.7,108.72,0.0,0.0,-0.34,108.4,74,-67.1
Jerry Jeudy,WR,CLE,0.0,0.0,0.0,0.8,3.3,0.0,39.6,528.3,2.6,108.4,108.36,0.0,0.0,-0.32,108.0,75,-67.5
Pat Freiermuth,TE,PIT,0.0,0.0,0.0,0.0,0.0,0.0,44.6,457.1,2.8,107.1,107.11,0.0,0.0,-0.36,106.8,28,-45.2
Emmett Johnson,RB,KC,0.0,0.0,0.0,101.2,417.5,3.0,24.9,178.1,0.8,107.3,107.26,0.0,0.0,-1.01,106.3,49,-73.8
Darren Waller,TE,CAR,0.0,0.0,0.0,0.0,0.0,0.0,41.6,434.3,3.3,104.8,104.83,0.0,0.0,-0.33,104.5,29,-47.5
Gunnar Helm,TE,TEN,0.0,0.0,0.0,0.0,0.0,0.0,46.5,419.6,2.7,104.7,104.66,0.0,0.0,-0.37,104.3,30,-47.7
Jaylin Noel,WR,HOU,0.0,0.0,0.0,3.1,16.8,0.0,41.4,463.5,2.5,104.4,104.43,0.0,0.0,-0.36,104.1,76,-71.4
Deshaun Watson,QB,CLE,1637.4,7.9,6.0,32.3,149.2,0.9,0.0,0.0,0.0,111.4,105.42,0.0,0.0,-3.4,102.0,33,-157.5
Zachariah Branch,WR,ATL,0.0,0.0,0.0,6.0,33.2,0.3,36.9,452.5,2.3,101.1,101.07,0.0,0.0,-0.34,100.7,77,-74.8
Travis Hunter,WR,JAX,0.0,0.0,0.0,2.2,12.1,0.0,37.2,449.0,2.8,100.1,100.11,0.0,0.0,-0.32,99.8,78,-75.7
Malik Washington,WR,MIA,0.0,0.0,0.0,10.5,62.2,0.2,39.6,421.6,1.7,99.4,99.38,0.0,0.0,-0.4,99.0,79,-76.5
Charlie Kolar,TE,LAC,0.0,0.0,0.0,0.0,0.0,0.0,35.6,398.2,3.6,97.0,97.02,0.0,0.0,-0.28,96.7,31,-55.3
Calvin Ridley,WR,TEN,0.0,0.0,0.0,2.8,14.2,0.0,31.9,472.8,2.5,95.6,95.6,0.0,0.0,-0.28,95.3,80,-80.2
Chris Bell,WR,MIA,0.0,0.0,0.0,0.0,0.0,0.0,36.3,473.6,1.9,95.1,95.06,0.0,0.0,-0.29,94.8,81,-80.7
Tank Bigsby,RB,PHI,0.0,0.0,0.0,117.2,526.9,4.0,9.0,63.5,0.3,93.8,93.84,0.0,0.0,-1.01,92.8,50,-87.3
Dylan Sampson,RB,CLE,0.0,0.0,0.0,71.1,279.7,1.4,29.8,206.6,1.1,93.4,93.43,0.0,0.0,-0.81,92.6,51,-87.5
Zach Charbonnet,RB,SEA,0.0,0.0,0.0,95.6,390.4,4.2,15.4,111.3,0.4,93.2,93.17,0.0,0.0,-0.89,92.3,52,-87.8
Tua Tagovailoa,QB,ATL,1717.8,8.5,5.7,13.1,37.0,0.1,0.0,0.0,0.0,101.3,95.61,0.0,0.0,-3.3,92.3,34,-167.2
Antonio Williams,WR,WAS,0.0,0.0,0.0,1.6,8.8,0.0,33.0,420.2,2.4,90.3,90.3,0.0,0.0,-0.28,90.0,82,-85.5
Ted Hurst III,WR,TB,0.0,0.0,0.0,0.0,0.0,0.0,32.6,423.1,2.5,89.9,89.91,0.0,0.0,-0.26,89.6,83,-85.9
Josh Jacobs,RB,GB,0.0,0.0,0.0,94.3,391.4,4.2,11.9,92.4,0.5,88.5,88.48,0.0,0.0,-0.85,87.6,53,-92.5
Isaac TeSlaa,WR,DET,0.0,0.0,0.0,0.0,0.0,0.0,29.1,376.4,3.4,87.1,87.14,0.0,0.0,-0.23,86.9,84,-88.6
Colby Parkinson,TE,LAR,0.0,0.0,0.0,0.0,0.0,0.0,33.4,350.7,3.1,87.1,87.07,0.0,0.0,-0.27,86.8,32,-65.2
Nicholas Singleton,RB,TEN,0.0,0.0,0.0,74.8,320.8,2.2,21.5,156.2,0.7,86.6,86.6,0.0,0.0,-0.77,85.8,54,-94.3
Devaughn Vele,WR,NO,0.0,0.0,0.0,0.0,0.0,0.0,33.9,370.6,2.5,86.0,85.96,0.0,0.0,-0.27,85.7,85,-89.8
Brian Robinson,RB,ATL,0.0,0.0,0.0,113.5,467.6,3.9,8.3,56.1,0.1,84.7,84.67,0.0,0.0,-0.97,83.7,55,-96.4
Cooper Kupp,WR,SEA,0.0,0.0,0.0,0.8,3.4,0.0,30.8,381.4,2.3,83.1,83.08,0.0,0.0,-0.25,82.8,86,-92.7
Evan Engram,TE,DEN,0.0,0.0,0.0,0.0,0.0,0.0,36.3,351.3,1.9,82.8,82.83,0.0,0.0,-0.29,82.5,33,-69.5
Rashod Bateman,WR,BAL,0.0,0.0,0.0,0.4,2.8,0.0,25.6,393.0,2.6,80.8,80.78,0.0,0.0,-0.21,80.6,87,-94.9
Michael Mayer,TE,LV,0.0,0.0,0.0,0.0,0.0,0.0,35.0,345.3,1.7,79.7,79.73,0.0,0.0,-0.28,79.4,34,-72.6
Braelon Allen,RB,NYJ,0.0,0.0,0.0,85.7,359.9,3.0,13.7,96.3,0.4,79.7,79.72,0.0,0.0,-0.8,78.9,56,-101.2
Germie Bernard,WR,PIT,0.0,0.0,0.0,1.9,10.2,0.0,28.9,369.5,2.0,78.9,78.87,0.0,0.0,-0.25,78.6,88,-96.9
Darnell Mooney,WR,NYG,0.0,0.0,0.0,1.9,11.3,0.0,27.1,372.6,2.2,78.7,78.69,0.0,0.0,-0.23,78.5,89,-97.0
Tank Dell,WR,HOU,0.0,0.0,0.0,3.7,19.9,0.0,28.0,347.0,2.3,78.5,78.49,0.0,0.0,-0.25,78.2,90,-97.3
Alvin Kamara,RB,NO,0.0,0.0,0.0,75.0,297.4,1.7,21.0,143.0,0.6,78.8,78.84,0.0,0.0,-0.77,78.1,57,-102.0
Mike Gesicki,TE,CIN,0.0,0.0,0.0,0.0,0.0,0.0,29.4,297.0,3.2,78.3,78.3,0.0,0.0,-0.24,78.1,35,-73.9
Jack Bech,WR,LV,0.0,0.0,0.0,0.0,0.0,0.0,30.7,362.3,1.9,78.3,78.33,0.0,0.0,-0.25,78.1,91,-97.4
Ray Davis,RB,BUF,0.0,0.0,0.0,79.9,338.6,2.1,15.8,118.6,0.6,77.7,77.72,0.0,0.0,-0.77,77.0,58,-103.1
Xavier Legette,WR,CAR,0.0,0.0,0.0,1.8,8.7,0.0,28.7,330.5,2.2,75.8,75.82,0.0,0.0,-0.24,75.6,92,-99.9
Bryce Lance,WR,NO,0.0,0.0,0.0,0.0,0.0,0.0,28.9,352.0,1.9,75.5,75.5,0.0,0.0,-0.23,75.3,93,-100.2
Elijah Arroyo,TE,SEA,0.0,0.0,0.0,0.0,0.0,0.0,29.4,314.5,2.4,75.3,75.25,0.0,0.0,-0.24,75.0,36,-77.0
Kaelon Black,RB,SF,0.0,0.0,0.0,77.0,326.3,2.1,15.4,119.8,0.5,75.6,75.61,0.0,0.0,-0.74,74.9,59,-105.2
Jahan Dotson,WR,ATL,0.0,0.0,0.0,0.0,0.0,0.0,28.2,359.3,1.8,74.9,74.93,0.0,0.0,-0.23,74.7,94,-100.8
Kaleb Johnson,RB,GB,0.0,0.0,0.0,72.4,291.1,2.0,18.1,122.2,0.6,75.0,75.03,0.0,0.0,-0.72,74.3,60,-105.8
Mason Taylor,TE,NYJ,0.0,0.0,0.0,0.0,0.0,0.0,33.5,301.8,1.8,74.5,74.48,0.0,0.0,-0.27,74.2,37,-77.8
Oronde Gadsden,TE,LAC,0.0,0.0,0.0,0.0,0.0,0.0,28.2,309.3,2.4,73.5,73.53,0.0,0.0,-0.23,73.3,38,-78.7
Keon Coleman,WR,BUF,0.0,0.0,0.0,1.0,3.8,0.0,23.4,322.6,2.9,73.4,73.44,0.0,0.0,-0.2,73.2,95,-102.3
Elijah Sarratt,WR,BAL,0.0,0.0,0.0,0.0,0.0,0.0,25.2,337.4,2.2,72.1,72.14,0.0,0.0,-0.2,71.9,96,-103.6
Jake Tonges,TE,SF,0.0,0.0,0.0,0.0,0.0,0.0,29.1,286.8,2.3,71.6,71.58,0.0,0.0,-0.23,71.3,39,-80.7
Eli Stowers,TE,PHI,0.0,0.0,0.0,2.6,10.5,0.0,27.3,293.4,2.2,70.9,70.89,0.0,0.0,-0.24,70.7,40,-81.3
Troy Franklin,WR,DEN,0.0,0.0,0.0,1.1,5.9,0.0,25.0,304.8,2.4,70.5,70.47,0.0,0.0,-0.21,70.3,97,-105.2
Malik Benson,WR,LV,0.0,0.0,0.0,0.0,0.0,0.0,26.0,327.2,1.9,70.1,70.12,0.0,0.0,-0.21,69.9,98,-105.6
Kyle Williams,WR,NE,0.0,0.0,0.0,2.3,9.0,0.0,22.5,320.8,2.4,69.9,69.88,0.0,0.0,-0.2,69.7,99,-105.8
Tyquan Thornton,WR,KC,0.0,0.0,0.0,0.0,0.0,0.0,21.9,325.9,2.4,68.9,68.89,0.0,0.0,-0.18,68.7,100,-106.8
Tory Horton,WR,SEA,0.0,0.0,0.0,0.0,0.0,0.0,23.8,323.5,2.1,68.8,68.75,0.0,0.0,-0.19,68.6,101,-106.9
Erick All Jr.,TE,CIN,0.0,0.0,0.0,0.0,0.0,0.0,28.2,283.8,1.8,67.4,67.38,0.0,0.0,-0.23,67.2,41,-84.8
Darius Slayton,WR,NYG,0.0,0.0,0.0,1.8,8.4,0.0,24.0,322.5,1.7,67.3,67.29,0.0,0.0,-0.21,67.1,102,-108.4
Kaytron Allen,RB,WAS,0.0,0.0,0.0,73.7,310.2,1.5,14.6,104.6,0.4,67.5,67.48,0.0,0.0,-0.71,66.8,61,-113.3
Theo Johnson,TE,NYG,0.0,0.0,0.0,0.0,0.0,0.0,28.0,287.6,1.7,67.0,66.96,0.0,0.0,-0.22,66.7,42,-85.3
DeMario Douglas,WR,NE,0.0,0.0,0.0,5.4,28.0,0.1,25.2,294.9,1.4,66.5,66.49,0.0,0.0,-0.24,66.2,103,-109.3
Skyler Bell,WR,BUF,0.0,0.0,0.0,0.0,0.0,0.0,23.8,311.1,1.9,66.3,66.31,0.0,0.0,-0.19,66.1,104,-109.4
Elic Ayomanor,WR,TEN,0.0,0.0,0.0,0.0,0.0,0.0,24.4,312.0,1.7,65.8,65.8,0.0,0.0,-0.2,65.6,105,-109.9
Andrei Iosivas,WR,CIN,0.0,0.0,0.0,0.8,4.6,0.0,22.4,270.5,2.4,64.3,64.31,0.0,0.0,-0.19,64.1,106,-111.4
Kimani Vidal,RB,LAC,0.0,0.0,0.0,61.1,256.0,2.0,12.9,94.8,0.7,64.2,64.18,0.0,0.0,-0.59,63.6,62,-116.5
Eli Raridon,TE,NE,0.0,0.0,0.0,0.0,0.0,0.0,26.3,266.0,1.8,63.7,63.7,0.0,0.0,-0.21,63.5,43,-88.5
Brenen Thompson,WR,LAC,0.0,0.0,0.0,1.2,6.5,0.0,23.0,283.6,1.9,63.4,63.41,0.0,0.0,-0.19,63.2,107,-112.3
Joshua Palmer,WR,BUF,0.0,0.0,0.0,0.0,0.0,0.0,23.9,296.6,1.5,62.6,62.56,0.0,0.0,-0.19,62.4,108,-113.1
Christian Kirk,WR,SF,0.0,0.0,0.0,0.9,3.5,0.0,22.6,295.0,1.6,62.1,62.05,0.0,0.0,-0.19,61.9,109,-113.6
Tyrone Tracy Jr.,RB,NYG,0.0,0.0,0.0,67.9,290.5,1.2,12.8,92.5,0.7,62.5,62.5,0.0,0.0,-0.65,61.9,63,-118.2
Darnell Washington,TE,PIT,0.0,0.0,0.0,0.0,0.0,0.0,25.6,250.4,1.9,62.0,62.04,0.0,0.0,-0.2,61.8,44,-90.2
Xavier Hutchinson,WR,HOU,0.0,0.0,0.0,1.1,6.6,0.0,23.1,282.8,1.4,60.4,60.44,0.0,0.0,-0.19,60.2,110,-115.3
Najee Harris,RB,NYG,0.0,0.0,0.0,53.9,221.0,1.6,14.9,104.0,0.6,60.6,60.6,0.0,0.0,-0.55,60.0,64,-120.1
Kirk Cousins,QB,LV,1091.0,5.9,3.4,3.0,5.5,0.1,0.0,0.0,0.0,65.0,61.59,0.0,0.0,-2.17,59.4,35,-200.1
Roman Wilson,WR,PIT,0.0,0.0,0.0,0.0,0.0,0.0,22.2,274.6,1.5,58.7,58.66,0.0,0.0,-0.18,58.5,111,-117.0
Demarcus Robinson,WR,SF,0.0,0.0,0.0,0.0,0.0,0.0,21.7,286.5,1.3,58.2,58.15,0.0,0.0,-0.17,58.0,112,-117.5
Jacob Saylors,RB,DET,0.0,0.0,0.0,0.0,0.0,3.2,18.9,143.4,0.7,56.6,56.64,0.0,0.0,-0.15,56.5,65,-123.6
Demond Claiborne,RB,MIN,0.0,0.0,0.0,50.6,206.3,1.5,15.0,100.4,0.4,57.1,57.07,0.0,0.0,-0.52,56.5,66,-123.6
Matt Hibner,TE,BAL,0.0,0.0,0.0,0.0,0.0,0.0,23.6,237.5,1.5,56.4,56.35,0.0,0.0,-0.19,56.2,45,-95.8
Chimere Dike,WR,TEN,0.0,0.0,0.0,9.8,51.0,0.8,17.2,194.5,1.6,56.2,56.15,0.0,0.0,-0.22,55.9,113,-119.6
Hollywood Brown,WR,PHI,0.0,0.0,0.0,0.0,0.0,0.0,20.1,249.4,1.8,55.8,55.84,0.0,0.0,-0.16,55.7,114,-119.8
Cole Kmet,TE,CHI,0.0,0.0,0.0,0.0,0.0,0.0,22.1,217.6,1.9,55.3,55.26,0.0,0.0,-0.18,55.1,46,-96.9
Justin Fields,QB,KC,641.0,3.7,2.4,25.3,133.3,1.2,0.0,0.0,0.0,58.6,56.17,0.0,0.0,-1.33,54.8,36,-204.7
Colbie Young,WR,CIN,0.0,0.0,0.0,0.0,0.0,0.0,19.9,253.7,1.5,54.3,54.27,0.0,0.0,-0.16,54.1,115,-121.4
Jalen Tolbert,WR,MIA,0.0,0.0,0.0,0.0,0.0,0.0,21.4,262.7,1.1,54.3,54.27,0.0,0.0,-0.17,54.1,116,-121.4
Dawson Knox,TE,BUF,0.0,0.0,0.0,0.0,0.0,0.0,19.4,210.6,2.2,53.7,53.66,0.0,0.0,-0.16,53.5,47,-98.5
Oscar Delp,TE,NO,0.0,0.0,0.0,0.0,0.0,0.0,21.9,227.2,1.5,53.6,53.62,0.0,0.0,-0.18,53.4,48,-98.6
Kendrick Bourne,WR,ARZ,0.0,0.0,0.0,0.8,3.4,0.0,21.0,243.7,1.1,52.3,52.31,0.0,0.0,-0.17,52.1,117,-123.4
Chris Brooks,RB,GB,0.0,0.0,0.0,23.4,104.4,1.1,17.0,118.1,1.1,52.5,52.45,0.0,0.0,-0.32,52.1,67,-128.0
Noah Gray,TE,KC,0.0,0.0,0.0,0.0,0.0,0.0,22.5,220.0,1.2,51.7,51.7,0.0,0.0,-0.18,51.5,49,-100.5
Brandon Aiyuk,WR,SF,0.0,0.0,0.0,0.0,0.0,0.0,18.3,237.2,1.4,50.4,50.42,0.0,0.0,-0.15,50.3,118,-125.2
Samaje Perine,RB,CIN,0.0,0.0,0.0,46.4,201.2,1.4,11.0,80.7,0.5,50.6,50.59,0.0,0.0,-0.46,50.1,68,-130.0
Tyler Higbee,TE,LAR,0.0,0.0,0.0,0.0,0.0,0.0,20.6,212.9,1.4,50.3,50.29,0.0,0.0,-0.16,50.1,50,-101.9
Justice Hill,RB,BAL,0.0,0.0,0.0,20.4,92.7,0.5,17.7,149.6,0.9,50.3,50.33,0.0,0.0,-0.3,50.0,69,-130.1
Malik Davis,RB,DAL,0.0,0.0,0.0,49.7,215.4,1.8,9.3,67.5,0.2,49.6,49.59,0.0,0.0,-0.47,49.1,70,-131.0
Ricky Pearsall,WR,SF,0.0,0.0,0.0,1.1,6.9,0.0,17.3,239.4,1.2,49.1,49.13,0.0,0.0,-0.15,49.0,119,-126.5
Ben Sinnott,TE,WAS,0.0,0.0,0.0,1.0,3.6,0.0,19.7,192.1,1.6,48.9,48.87,0.0,0.0,-0.17,48.7,51,-103.3
Max Klare,TE,LAR,0.0,0.0,0.0,0.0,0.0,0.0,18.5,205.4,1.6,48.6,48.64,0.0,0.0,-0.15,48.5,52,-103.5
Seth McGowan,RB,IND,0.0,0.0,0.0,46.8,191.7,1.2,12.2,86.5,0.3,49.0,49.02,0.0,0.0,-0.47,48.5,71,-131.6
KaVontae Turpin,WR,DAL,0.0,0.0,0.0,11.4,63.1,0.2,14.4,180.5,1.4,48.4,48.36,0.0,0.0,-0.21,48.2,120,-127.3
Tutu Atwell,WR,LAR,0.0,0.0,0.0,2.3,12.1,0.0,18.2,250.3,0.6,48.0,48.04,0.0,0.0,-0.16,47.9,121,-127.6
Jayden Higgins,WR,HOU,0.0,0.0,0.0,0.0,0.0,0.0,18.3,221.7,1.0,46.5,46.47,0.0,0.0,-0.15,46.3,122,-129.2
Marlin Klein,TE,HOU,0.0,0.0,0.0,0.0,0.0,0.0,19.3,190.7,1.3,46.2,46.17,0.0,0.0,-0.15,46.0,53,-106.0
Jonnu Smith,TE,GB,0.0,0.0,0.0,0.0,0.0,0.0,19.2,193.4,1.2,45.7,45.74,0.0,0.0,-0.15,45.6,54,-106.4
Luke Musgrave,TE,GB,0.0,0.0,0.0,0.0,0.0,0.0,19.1,188.6,1.3,45.8,45.76,0.0,0.0,-0.15,45.6,55,-106.4
Jack Endries,TE,CIN,0.0,0.0,0.0,0.0,0.0,0.0,19.0,191.1,1.2,45.3,45.31,0.0,0.0,-0.15,45.2,56,-106.8
Marvin Mims Jr.,WR,DEN,0.0,0.0,0.0,5.4,29.4,0.1,16.3,176.6,1.3,45.3,45.3,0.0,0.0,-0.17,45.1,123,-130.4
Zavion Thomas,WR,CHI,0.0,0.0,0.0,4.8,22.7,0.1,15.6,198.9,1.1,45.0,44.96,0.0,0.0,-0.16,44.8,124,-130.7
Jaylen Wright,RB,MIA,0.0,0.0,0.0,52.4,220.6,1.3,8.2,58.7,0.2,45.1,45.13,0.0,0.0,-0.48,44.6,72,-135.5
Elijah Higgins,TE,ARZ,0.0,0.0,0.0,0.0,0.0,0.0,19.9,180.6,1.1,44.6,44.56,0.0,0.0,-0.16,44.4,57,-107.6
Sean Tucker,RB,TB,0.0,0.0,0.0,48.7,210.8,2.1,5.8,39.4,0.2,44.6,44.62,0.0,0.0,-0.44,44.2,73,-135.9
Odell Beckham Jr.,WR,NYG,0.0,0.0,0.0,0.0,0.0,0.0,16.1,208.7,1.2,44.2,44.17,0.0,0.0,-0.13,44.0,125,-131.5
Jordan James,RB,SF,0.0,0.0,0.0,49.6,209.5,1.4,7.9,58.5,0.2,44.3,44.3,0.0,0.0,-0.46,43.8,74,-136.3
Josh Oliver,TE,MIN,0.0,0.0,0.0,0.0,0.0,0.0,18.3,174.3,1.3,43.5,43.53,0.0,0.0,-0.15,43.4,58,-108.6
George Holani,RB,SEA,0.0,0.0,0.0,43.8,180.2,1.0,10.3,70.2,0.3,43.1,43.14,0.0,0.0,-0.43,42.7,75,-137.4
Kalif Raymond,WR,CHI,0.0,0.0,0.0,3.0,16.0,0.0,17.3,191.0,0.8,42.8,42.8,0.0,0.0,-0.16,42.6,126,-132.9
James Conner,RB,ARZ,0.0,0.0,0.0,40.5,168.8,1.0,9.8,73.5,0.4,42.4,42.43,0.0,0.0,-0.4,42.0,76,-138.1
Savion Williams,WR,GB,0.0,0.0,0.0,7.1,36.4,0.2,14.3,163.1,1.1,42.1,42.05,0.0,0.0,-0.17,41.9,127,-133.6
CJ Daniels,WR,LAR,0.0,0.0,0.0,0.0,0.0,0.0,14.3,198.9,1.1,40.8,40.79,0.0,0.0,-0.11,40.7,128,-134.8
Daniel Bellinger,TE,TEN,0.0,0.0,0.0,0.0,0.0,0.0,18.5,169.7,0.9,40.9,40.87,0.0,0.0,-0.15,40.7,59,-111.3
Isaiah Bond,WR,CLE,0.0,0.0,0.0,2.4,13.8,0.0,14.4,193.5,0.9,40.5,40.53,0.0,0.0,-0.13,40.4,129,-135.1
Adam Randall,RB,BAL,0.0,0.0,0.0,36.9,155.3,1.3,9.1,62.6,0.3,40.5,40.49,0.0,0.0,-0.37,40.1,77,-140.0
Noah Fant,TE,NO,0.0,0.0,0.0,0.0,0.0,0.0,17.7,165.5,1.0,40.3,40.25,0.0,0.0,-0.14,40.1,60,-111.9
Kendre Miller,RB,NO,0.0,0.0,0.0,44.2,190.0,1.0,7.8,53.4,0.3,39.9,39.94,0.0,0.0,-0.42,39.5,78,-140.6
Konata Mumpfield,WR,LAR,0.0,0.0,0.0,0.0,0.0,0.0,13.7,181.8,1.2,39.1,39.08,0.0,0.0,-0.11,39.0,130,-136.5
Isaiah Davis,RB,NYJ,0.0,0.0,0.0,24.8,109.2,0.9,12.6,88.4,0.2,39.0,38.96,0.0,0.0,-0.3,38.7,79,-141.4
Barion Brown,WR,NO,0.0,0.0,0.0,0.0,0.0,0.0,15.6,183.6,0.8,38.8,38.76,0.0,0.0,-0.12,38.6,131,-136.9
Tez Johnson,WR,TB,0.0,0.0,0.0,2.3,13.0,0.0,13.5,161.0,1.3,38.7,38.7,0.0,0.0,-0.13,38.6,132,-136.9
Chris Brazzell II,WR,CAR,0.0,0.0,0.0,0.0,0.0,0.0,13.4,175.4,1.2,38.1,38.14,0.0,0.0,-0.11,38.0,133,-137.5
Emanuel Wilson,RB,SEA,0.0,0.0,0.0,40.2,170.6,1.2,7.4,51.7,0.2,38.0,38.03,0.0,0.0,-0.38,37.6,80,-142.5
Carson Beck,QB,ARZ,594.5,3.7,2.2,7.8,29.9,0.2,0.0,0.0,0.0,40.6,38.37,0.0,0.0,-1.21,37.2,37,-222.3
Sam Roush,TE,CHI,0.0,0.0,0.0,0.0,0.0,0.0,16.1,152.3,1.0,37.3,37.33,0.0,0.0,-0.13,37.2,61,-114.8
Kevin Coleman Jr.,WR,MIA,0.0,0.0,0.0,0.0,0.0,0.0,16.4,205.5,0.0,37.0,36.95,0.0,0.0,-0.13,36.8,134,-138.7
LeQuint Allen Jr.,RB,JAX,0.0,0.0,0.0,15.6,62.6,0.3,14.7,100.1,0.6,36.4,36.37,0.0,0.0,-0.24,36.1,81,-144.0
Mack Hollins,WR,NE,0.0,0.0,0.0,0.0,0.0,0.0,12.7,166.4,1.1,35.9,35.94,0.0,0.0,-0.1,35.8,135,-139.7
John Bates,TE,WAS,0.0,0.0,0.0,0.0,0.0,0.0,15.4,143.6,1.0,35.8,35.76,0.0,0.0,-0.12,35.6,62,-116.4
DJ Giddens,RB,IND,0.0,0.0,0.0,32.0,131.7,0.9,9.1,62.3,0.2,35.1,35.1,0.0,0.0,-0.33,34.8,82,-145.3
Ja'Tavion Sanders,TE,CAR,0.0,0.0,0.0,0.0,0.0,0.0,15.5,139.9,0.9,34.9,34.89,0.0,0.0,-0.12,34.8,63,-117.2
Jordan Whittington,WR,LAR,0.0,0.0,0.0,0.8,5.0,0.0,13.3,154.7,0.9,34.7,34.67,0.0,0.0,-0.11,34.6,136,-140.9
Isiah Pacheco,RB,DET,0.0,0.0,0.0,41.8,176.1,1.4,4.6,31.5,0.2,35.0,34.96,0.0,0.0,-0.37,34.6,83,-145.5
Tommy Tremble,TE,CAR,0.0,0.0,0.0,0.0,0.0,0.0,13.9,134.6,1.1,34.0,33.96,0.0,0.0,-0.11,33.8,64,-118.2
Ollie Gordon II,RB,MIA,0.0,0.0,0.0,40.2,156.4,1.2,5.7,40.2,0.2,33.8,33.76,0.0,0.0,-0.37,33.4,84,-146.7
Ashton Dulin,WR,IND,0.0,0.0,0.0,1.7,11.2,0.0,12.1,154.9,0.8,33.5,33.51,0.0,0.0,-0.11,33.4,137,-142.1
Mitchell Evans,TE,CAR,0.0,0.0,0.0,0.0,0.0,0.0,13.9,136.1,0.9,32.9,32.91,0.0,0.0,-0.11,32.8,65,-119.2
Brashard Smith,RB,KC,0.0,0.0,0.0,17.4,73.0,0.5,10.5,77.5,0.5,31.6,31.55,0.0,0.0,-0.22,31.3,85,-148.8
Thomas Fidone II,TE,NYG,0.0,0.0,0.0,0.0,0.0,0.0,13.1,131.5,0.8,31.1,31.05,0.0,0.0,-0.1,30.9,66,-121.1
Reggie Virgil,WR,ARZ,0.0,0.0,0.0,0.0,0.0,0.0,12.5,147.5,0.6,30.9,30.85,0.0,0.0,-0.1,30.8,138,-144.7
Jelani Woods,TE,NYJ,0.0,0.0,0.0,0.0,0.0,0.0,12.9,123.4,0.8,30.0,30.04,0.0,0.0,-0.1,29.9,67,-122.1
Treylon Burks,WR,WAS,0.0,0.0,0.0,0.6,2.4,0.0,10.9,139.4,0.8,29.9,29.88,0.0,0.0,-0.09,29.8,139,-145.7
Austin Hooper,TE,ATL,0.0,0.0,0.0,0.0,0.0,0.0,13.1,122.5,0.7,29.6,29.55,0.0,0.0,-0.1,29.4,68,-122.6
Brock Wright,TE,DET,0.0,0.0,0.0,0.0,0.0,0.0,11.2,104.3,1.3,29.4,29.43,0.0,0.0,-0.09,29.3,69,-122.7
Ty Johnson,RB,BUF,0.0,0.0,0.0,17.6,74.1,0.6,8.4,76.0,0.4,29.4,29.41,0.0,0.0,-0.21,29.2,86,-150.9
Tanner Koziol,TE,JAX,0.0,0.0,0.0,0.0,0.0,0.0,12.2,121.5,0.8,29.2,29.15,0.0,0.0,-0.1,29.1,70,-122.9
John Metchie III,WR,CAR,0.0,0.0,0.0,0.0,0.0,0.0,10.8,129.6,0.8,28.6,28.56,0.0,0.0,-0.09,28.5,140,-147.0
Olamide Zaccheaus,WR,ATL,0.0,0.0,0.0,0.0,0.0,0.0,11.8,129.5,0.6,28.4,28.35,0.0,0.0,-0.09,28.3,141,-147.2
Nate Boerkircher,TE,JAX,0.0,0.0,0.0,0.0,0.0,0.0,11.5,108.9,1.0,28.4,28.39,0.0,0.0,-0.09,28.3,71,-123.7
Devin Singletary,RB,NYG,0.0,0.0,0.0,32.9,129.4,0.9,5.5,39.3,0.1,28.4,28.37,0.0,0.0,-0.31,28.1,87,-152.0
Roschon Johnson,RB,CHI,0.0,0.0,0.0,30.6,120.2,0.8,6.1,40.7,0.2,28.2,28.19,0.0,0.0,-0.29,27.9,88,-152.2
Luke McCaffrey,WR,WAS,0.0,0.0,0.0,0.0,0.0,0.0,10.2,133.7,0.7,27.8,27.77,0.0,0.0,-0.08,27.7,142,-147.8
Tahj Brooks,RB,CIN,0.0,0.0,0.0,31.7,131.7,1.0,4.2,30.4,0.2,27.6,27.61,0.0,0.0,-0.29,27.3,89,-152.8
Jerome Ford,RB,WAS,0.0,0.0,0.0,26.8,108.0,0.7,6.7,45.4,0.2,27.4,27.44,0.0,0.0,-0.27,27.2,90,-152.9
Jackson Hawes,TE,BUF,0.0,0.0,0.0,0.0,0.0,0.0,10.2,102.0,1.1,27.0,27.0,0.0,0.0,-0.08,26.9,72,-125.1
Tai Felton,WR,MIN,0.0,0.0,0.0,0.0,0.0,0.0,10.5,129.0,0.6,27.0,27.0,0.0,0.0,-0.08,26.9,143,-148.6
Will Shipley,RB,PHI,0.0,0.0,0.0,17.0,71.5,0.3,9.7,70.8,0.2,26.9,26.93,0.0,0.0,-0.21,26.7,91,-153.4
Jaylin Lane,WR,WAS,0.0,0.0,0.0,0.5,2.0,0.0,9.9,117.2,0.8,26.6,26.62,0.0,0.0,-0.08,26.5,144,-149.0
Trevor Etienne,RB,CAR,0.0,0.0,0.0,23.1,92.3,0.4,8.0,58.2,0.2,26.7,26.65,0.0,0.0,-0.25,26.4,92,-153.7
Foster Moreau,TE,HOU,0.0,0.0,0.0,0.0,0.0,0.0,10.6,97.5,1.0,26.4,26.35,0.0,0.0,-0.08,26.3,73,-125.7
Jalen Royals,WR,KC,0.0,0.0,0.0,0.0,0.0,0.0,9.6,118.3,0.8,26.2,26.23,0.0,0.0,-0.08,26.2,145,-149.3
Isaac Guerendo,RB,SF,0.0,0.0,0.0,20.7,89.1,0.6,7.2,51.7,0.2,26.1,26.08,0.0,0.0,-0.22,25.9,93,-154.2
Devontez Walker,WR,BAL,0.0,0.0,0.0,0.6,2.5,0.0,8.4,114.5,0.9,25.5,25.5,0.0,0.0,-0.07,25.4,146,-150.1
Mac Jones,QB,SF,426.8,2.5,1.5,5.4,16.1,0.1,0.0,0.0,0.0,27.8,26.28,0.0,0.0,-0.84,25.4,38,-234.1
Isaiah Williams,WR,NYJ,0.0,0.0,0.0,0.8,4.9,0.0,10.2,109.8,0.6,25.3,25.27,0.0,0.0,-0.09,25.2,147,-150.3
Corey Kiner,RB,NE,0.0,0.0,0.0,0.0,0.0,1.4,8.5,64.4,0.3,25.1,25.14,0.0,0.0,-0.07,25.1,94,-155.0
Josh Cameron,WR,JAX,0.0,0.0,0.0,0.0,0.0,0.0,9.7,117.3,0.6,25.0,25.03,0.0,0.0,-0.08,25.0,148,-150.5
Audric Estime,RB,NO,0.0,0.0,0.0,6.2,26.4,0.2,10.5,68.6,0.4,23.6,23.6,0.0,0.0,-0.13,23.5,95,-156.6
Jameis Winston,QB,NYG,370.4,2.2,1.3,5.1,19.7,0.2,0.0,0.0,0.0,25.5,24.19,0.0,0.0,-0.7,23.5,39,-236.0
Deion Burks,WR,IND,0.0,0.0,0.0,0.0,0.0,0.0,8.5,103.2,0.6,22.4,22.42,0.0,0.0,-0.07,22.4,149,-153.1
Joe Milton III,QB,DAL,367.1,2.3,1.3,2.3,13.9,0.0,0.0,0.0,0.0,24.0,22.67,0.0,0.0,-0.74,21.9,40,-237.6
Devin Neal,RB,NO,0.0,0.0,0.0,11.9,46.9,0.3,7.9,57.2,0.3,21.9,21.91,0.0,0.0,-0.16,21.8,96,-158.3
Sione Vaki,RB,DET,0.0,0.0,0.0,16.4,67.9,0.4,6.7,47.7,0.2,21.9,21.86,0.0,0.0,-0.18,21.7,97,-158.4
Dont'e Thornton Jr.,WR,LV,0.0,0.0,0.0,0.0,0.0,0.0,7.4,105.6,0.6,21.6,21.56,0.0,0.0,-0.06,21.5,150,-154.0
Camden Brown,WR,DAL,0.0,0.0,0.0,0.0,0.0,0.0,7.8,101.2,0.6,21.5,21.52,0.0,0.0,-0.06,21.5,151,-154.0
Trey Benson,RB,ARZ,0.0,0.0,0.0,23.6,100.0,0.6,3.8,29.3,0.2,21.5,21.53,0.0,0.0,-0.22,21.3,98,-158.8
Raheim Sanders,RB,CLE,0.0,0.0,0.0,24.6,94.3,0.7,4.1,28.0,0.1,21.1,21.13,0.0,0.0,-0.23,20.9,99,-159.2
Calvin Austin III,WR,NYG,0.0,0.0,0.0,2.9,15.3,0.1,6.5,80.6,0.7,20.9,20.89,0.0,0.0,-0.08,20.8,152,-154.7
Tyler Badie,RB,DEN,0.0,0.0,0.0,3.7,16.6,0.0,8.6,69.9,0.6,20.9,20.85,0.0,0.0,-0.1,20.8,100,-159.3
Joe Flacco,QB,CIN,328.6,2.3,1.2,1.5,2.5,0.1,0.0,0.0,0.0,22.0,20.79,0.0,0.0,-0.67,20.1,41,-239.4
Trey Lance,QB,LAC,266.8,1.7,1.0,6.8,33.3,0.3,0.0,0.0,0.0,21.6,20.6,0.0,0.0,-0.53,20.1,42,-239.4
J.J. McCarthy,QB,MIN,289.8,1.8,1.0,5.1,21.2,0.3,0.0,0.0,0.0,21.7,20.71,0.0,0.0,-0.57,20.1,43,-239.4
Cade Klubnik,QB,NYJ,315.8,1.7,1.2,5.0,20.1,0.2,0.0,0.0,0.0,21.4,20.24,0.0,0.0,-0.66,19.6,44,-239.9
Dylan Laube,RB,LV,0.0,0.0,0.0,14.0,55.4,0.3,6.4,45.9,0.2,19.5,19.53,0.0,0.0,-0.16,19.4,101,-160.7
Anthony Richardson Sr.,QB,IND,219.6,1.3,0.9,9.4,46.8,0.5,0.0,0.0,0.0,20.8,19.86,0.0,0.0,-0.44,19.4,45,-240.1
Ty Simpson,QB,LAR,301.4,1.8,1.2,3.8,16.8,0.1,0.0,0.0,0.0,20.3,19.14,0.0,0.0,-0.62,18.5,46,-241.0
Rasheen Ali,RB,BAL,0.0,0.0,0.0,20.0,89.4,0.5,3.2,22.1,0.2,18.6,18.55,0.0,0.0,-0.19,18.4,102,-161.7
Marcus Mariota,QB,WAS,248.9,1.5,0.9,6.1,29.5,0.2,0.0,0.0,0.0,19.2,18.31,0.0,0.0,-0.49,17.8,47,-241.7
Quinn Ewers,QB,JAX,288.7,1.6,1.1,4.2,17.0,0.1,0.0,0.0,0.0,19.2,18.05,0.0,0.0,-0.6,17.5,48,-242.0
Tyrod Taylor,QB,GB,249.1,1.6,0.7,4.2,23.5,0.1,0.0,0.0,0.0,18.6,17.91,0.0,0.0,-0.51,17.4,49,-242.1
Terion Stewart,RB,KC,0.0,0.0,0.0,0.0,0.0,0.9,5.5,41.4,0.2,16.2,16.24,0.0,0.0,-0.04,16.2,103,-163.9
Taylen Green,QB,CLE,303.0,1.5,1.5,7.4,14.8,0.0,0.0,0.0,0.0,18.1,16.6,0.0,0.0,-0.62,16.0,50,-243.5
Bam Knight,RB,ARZ,0.0,0.0,0.0,0.0,0.0,0.9,5.1,38.5,0.2,15.6,15.55,0.0,0.0,-0.04,15.5,104,-164.6
Eli Heidenreich,RB,PIT,0.0,0.0,0.0,7.2,28.6,0.2,5.6,43.0,0.2,15.2,15.16,0.0,0.0,-0.1,15.1,105,-165.0
Gardner Minshew II,QB,ARZ,233.3,1.6,0.9,1.4,5.7,0.0,0.0,0.0,0.0,15.4,14.5,0.0,0.0,-0.46,14.0,51,-245.5
Ronnie Rivers,RB,LAR,0.0,0.0,0.0,7.6,30.2,0.3,2.5,25.2,0.3,11.6,11.64,0.0,0.0,-0.08,11.6,106,-168.5
